cen,sp,M
1,acacme,0
1,acaldi,0.094177209654935
1,acalma,0.095051727622335
1,ade1tr,0.047720870270991
1,aegipa,0.087972917573888
1,alchco,0.168399321334342
1,alchla,NA
1,alibed,0.01209114703694
1,allops,0.06980719369597
1,alsebl,0.014594040100032
1,amaico,0.01176988619755
1,anacex,0.159729973312
1,anaxpa,0.053680551193118
1,andiin,0.009173169773675
1,annoac,0.025781392313842
1,annoha,NA
1,annosp,0.158140182862434
1,apeihy,NA
1,apeime,0.102114060847683
1,apeiti,0.111718997747725
1,aphesi,0.032617757658333
1,appuse,0
1,ardiba,0
1,ardife,0.00887974376047
1,ardigu,0.054672679113975
1,aspicr,0.009925737659146
1,ast2gr,0.059823750589379
1,banagu,NA
1,beilpe,0.021501652425342
1,bertgu,0
1,boropa,0
1,brosal,0.003978653621701
1,brosgu,0
1,calolo,0.025443110450883
1,cappfr,0.008580936429616
1,carica,NA
1,caseac,0.029283702083403
1,casear,0.132367978441031
1,caseco,0
1,casegu,0
1,casesy,0.058533895465972
1,cassel,0.005742482617963
1,cavapl,0
1,cecrin,0.281990664925082
1,cecrlo,NA
1,cecrob,0.488500199496635
1,cedrod,0.12188981953622
1,ceibpe,0.132465233216912
1,celtsc,0.03044771448127
1,cespma,0.07730430528822
1,cestme,0.104109183814323
1,cha2sc,0
1,chimpa,0
1,chr1ec,0.025888790190822
1,chr2ar,0.011371042444237
1,chr2ca,0.014763736365149
1,clidde,0
1,clidoc,Inf
1,clidse,Inf
1,cnempe,0.236686838625909
1,coccco,0.022937937434368
1,coccma,0.010940575472104
1,colugl,NA
1,conobr,0
1,conoci,0.121742186243942
1,cordal,0.09872713271237
1,cordbi,0.044811152742032
1,cordla,0.02609643031479
1,cou2cu,0.008631641797635
1,couthe,0
1,crotbi,0.203061310586627
1,cupaci,0
1,cupala,0.040036785325806
1,cuparu,0.006473412268147
1,cupasy,0.006157158449146
1,cyphha,Inf
1,dendar,0.064991530371966
1,des2pa,0.02614604444291
1,dio2ar,0.037874986589808
1,diptpa,0.065013781616562
1,drypst,0.006850513683934
1,entesc,0
1,ery1co,0.082121981153972
1,ery2ma,0.036160341746125
1,ery2pa,0.016332416748444
1,eugeco,0.013596505527129
1,eugega,0.008254364438041
1,eugene,0.008367999930078
1,eugeoe,0.023045595433033
1,faraoc,0.009699548646276
1,gar2in,0.007328207568568
1,gar2ma,0.00564112301555
1,geniam,0.026553704652195
1,guapst,0.07192463245824
1,guargr,0.009620432111515
1,guargu,0.019195777340631
1,guarsp,0.034155746588611
1,guatdu,0.03267011136226
1,guazul,0.09050290789346
1,guetfo,0.011524317648777
1,gustsu,0.091649647948127
1,hameax,0.122040706991211
1,hamepa,NA
1,hampap,0.465911378528349
1,hassfl,0.057182710115166
1,heisac,0.029830527511936
1,heisco,0.006211170724178
1,herrpu,0.018269140085994
1,hirtam,0.015430445492558
1,hirttr,0.012452324700396
1,huracr,0.063523524315312
1,hybapr,0.027916631999398
1,hyeral,0.050788252822425
1,ingaco,0.065337046271085
1,ingafa,0.006016912595518
1,ingago,0.017573004209407
1,ingam1,NA
1,ingama,0.07924228833501
1,ingami,0.065369892619117
1,ingape,0.029064447437595
1,ingapu,0
1,ingaqu,0.014635852926195
1,ingaru,0.060116226241641
1,ingas1,0.006478141444256
1,ingasa,0.024669300687854
1,ingasp,0.089217471418394
1,ingath,0
1,ingaum,0.013442108482902
1,jac1co,0.128320553324889
1,koanwe,0.125057910096911
1,laciag,0.031074589259365
1,lacmpa,0
1,laetpr,0.123308588048861
1,laetth,0.022642379090834
1,lafopu,0
1,leandi,NA
1,licahy,0.011055598801184
1,licapl,0.011757290489829
1,lindla,0.163232587155513
1,loncla,0.020618740296847
1,lopida,0
1,lozapi,0.109319436016769
1,luehse,0.123786477694868
1,lycima,0
1,maclti,0
1,macrgl,0
1,malmsp,0.005935512386423
1,malpro,0.019180995635592
1,maquco,0.014746219052256
1,mar1la,0.026056556533294
1,margno,0
1,maytsc,0
1,micoaf,0.024099387041135
1,micoar,0.095715641900672
1,micodo,NA
1,micoel,0.060613193558391
1,micoho,0.047804304000105
1,micoim,0.034941095926491
1,micone,0.186826311373386
1,micopr,NA
1,mourmy,0.02859609984482
1,myrcga,0.018702193987274
1,myrofr,0.066650532825043
1,nectci,0.052220697029777
1,nectgl,0.060063561434394
1,nectpu,0.029006784246757
1,nects1,0.034181229018735
1,nects3,0
1,neeaam,0.061850457294605
1,ochrpy,0.26100206979332
1,ocotce,0.032244715627961
1,ocotob,0.104828998433777
1,ocotpu,0.070203649565064
1,ocotwh,0.078282574493516
1,olmeas,0.063858434960217
1,oreoca,NA
1,ormoam,NA
1,ormocr,0.007910543804108
1,ormoma,0
1,ouralu,0.007386118789452
1,paligu,0.115947725897685
1,pentma,0.035489254032708
1,perexa,0.034725228420806
1,phoeci,0.070936091313655
1,picrla,0.025612829875083
1,pipea1,0.086362070897389
1,pipeae,0.125290841400678
1,pipeca,0.048343338380393
1,pipeco,0.044878916735302
1,pipecu,0.219267677940811
1,pipeim,0.336508874946351
1,pipepe,0.058890877775475
1,pipere,0.025154729336943
1,pit1ma,NA
1,pit1ru,0
1,pla1pi,0.048112231567577
1,pla2el,0.058368167676627
1,pochqu,NA
1,pochse,0.024596637558565
1,posola,0.005642743441061
1,poular,0.104082469643519
1,pourbi,0.014635084732276
1,poutfo,0
1,poutre,0.021360383519566
1,poutst,0.013668348781651
1,pri2co,0.005301868825639
1,protco,0.030721300755274
1,protpa,0.01780592794575
1,protsp,NA
1,protte,0.010375953190936
1,pse1se,0.080957336985949
1,psidfr,0
1,psycac,0.255439029082628
1,psycb1,NA
1,psycch,0.024698647433771
1,psycde,0.127473995678664
1,psycfu,Inf
1,psycg1,0.038506031963199
1,psycg2,0.271401754515783
1,psycg3,0.051550377103018
1,psycho,0.042246069189694
1,psycli,0.040834049327934
1,psycma,0.055426524954731
1,psycpi,0.07133460757842
1,psycps,NA
1,psycra,0
1,pterof,0.056771482198629
1,pterro,0.020058179278713
1,quaras,0.01569321413449
1,quasam,0.008087252925436
1,randar,0.017289116043153
1,randfo,0
1,rauvli,NA
1,rinosy,0.019743018069235
1,sapiau,0.125324496196114
1,sapisp,NA
1,sch2mo,NA
1,schipa,0
1,sennda,0.151106932383179
1,simaam,0.061566872806221
1,sipagu,0.085928499860322
1,sipapa,0.041361567160261
1,sloate,0.011995896972843
1,solaar,0
1,solaas,NA
1,solaha,0.245770330676455
1,solast,0.090593448923893
1,soroaf,0.020066271426883
1,spacme,0
1,sponmo,0.221089616413494
1,sponra,0.107511711241627
1,stemgr,NA
1,sterap,0.066033018702788
1,stylst,0.023448195101212
1,swars1,0.00175736720022
1,swars2,0.00283693801813
1,sympgl,0.021003248752005
1,tab1gu,0.026942910927269
1,tab1ro,0.040843558726534
1,tab2ar,0.015473155948881
1,tachve,0.029763628309546
1,taline,0.006530203007664
1,talipr,0.008950609380209
1,termam,0.012436035802086
1,termob,0
1,ternte,NA
1,tet2pa,0.00981393394766
1,tet4jo,Inf
1,theoca,0
1,thevah,0.040616429626361
1,tocopi,0
1,tratas,0.142844711440935
1,tremin,NA
1,tremmi,0.399073235640007
1,tri1gi,0.093964566924224
1,tri2pa,0.03059555847555
1,tri2tu,0.025356174497897
1,tri4ga,NA
1,tripcu,0.022743061106323
1,tropra,0.009315409441172
1,turpoc,0.127540804423574
1,uniden,0
1,unonpi,0.026223116172827
1,urerba,0.19763622771235
1,verbgi,NA
1,virose,0.027079313487594
1,virosp,0.021917195051091
1,virosu,0.036461635718083
1,vismba,0.072934231462774
1,vismbi,0
1,vismma,NA
1,vochfe,0.102390197239966
1,xyl1ma,0.00640629197629
1,xyl2ch,0
1,xyl2ol,0.04315891250107
1,zantbe,0.174108613238323
1,zantp1,0.075378924956375
1,zantpr,0.02595194053395
1,zantse,NA
1,zuelgu,0.026295305473614
2,acacme,0
2,acaldi,0.078942703598044
2,acalma,0.153115158717157
2,ade1tr,0.072880471129305
2,aegipa,0.08354590868333
2,alchco,0.120907653981646
2,alchla,NA
2,alibed,0.009958363099639
2,allops,0.038289722607409
2,alsebl,0.012602073559234
2,amaico,0
2,anacex,Inf
2,anaxpa,0.011447431850661
2,andiin,0.005552252883174
2,annoac,0.017054593114068
2,annoha,NA
2,annosp,0.063995888041655
2,apeihy,NA
2,apeime,0.03038104108428
2,apeiti,0.133529539925907
2,aphesi,0.099175601488613
2,appuse,0
2,ardiba,0
2,ardife,0.009081712234777
2,ardigu,0.01253450041635
2,aspicr,0.007676696929433
2,ast2gr,0.013113432598756
2,banagu,NA
2,beilpe,0.014712131344078
2,bertgu,0.129632364413477
2,boropa,0
2,brosal,0.006523656432591
2,brosgu,0
2,calolo,0.021036597374389
2,cappfr,0.007986481881803
2,carica,NA
2,caseac,0.019929043089746
2,casear,0.11046749518373
2,caseco,0.027583778879652
2,casegu,0
2,casesy,0.031199112329657
2,cassel,0.008383198857483
2,cavapl,0
2,cecrin,0.212418761633801
2,cecrlo,NA
2,cecrob,0.193984324307761
2,cedrod,NA
2,ceibpe,0.077407553176096
2,celtsc,0.031905204023987
2,cespma,0
2,cestme,0.110778416902237
2,cha2sc,0.010771294055005
2,chimpa,0.131415524370371
2,chr1ec,0.015230233646304
2,chr2ar,0.006254678158789
2,chr2ca,0.011040483230473
2,clidde,0.501181744595841
2,clidoc,Inf
2,clidse,Inf
2,cnempe,Inf
2,coccco,0.011996314274683
2,coccma,0.008007013643716
2,colugl,NA
2,conobr,0.205567693870915
2,conoci,0.102424631727296
2,cordal,0.035906909060882
2,cordbi,0.060029192861746
2,cordla,0.020546364576304
2,cou2cu,0.006938369334664
2,couthe,0
2,crotbi,0.195358447979239
2,cupaci,0.078635113665402
2,cupala,0.012666774479659
2,cuparu,0.006065608857845
2,cupasy,0.003320939689137
2,cyphha,0.261879501111477
2,dendar,0.077621229289899
2,des2pa,0.023817553063725
2,dio2ar,0
2,diptpa,0.023856378591864
2,drypst,0.010091245562937
2,entesc,0
2,ery1co,0.057075896565235
2,ery2ma,0.03336238862393
2,ery2pa,0.013994081273545
2,eugeco,0.024924372917288
2,eugega,0.009017968619319
2,eugene,0.003835129097186
2,eugeoe,0.019033540173544
2,faraoc,0.007760232409812
2,gar2in,0.007453882837436
2,gar2ma,0.063246478183288
2,geniam,0.012253777995884
2,guapst,0.029288196413497
2,guargr,0.010919466846554
2,guargu,0.014317778859668
2,guarsp,0.029580804867876
2,guatdu,0.019328788237848
2,guazul,0.105082084738829
2,guetfo,0.017902581300132
2,gustsu,0.028586286233865
2,hameax,0.094264322876484
2,hamepa,0
2,hampap,0.265136282444844
2,hassfl,0.049559201621691
2,heisac,0.002774512794943
2,heisco,0.011870332850637
2,herrpu,0.011733925976173
2,hirtam,0.018016677771223
2,hirttr,0.009310049275099
2,huracr,0
2,hybapr,0.023514920212344
2,hyeral,0.07101318336794
2,ingaco,0.017694692632937
2,ingafa,0.014466465866003
2,ingago,0.015597896459058
2,ingam1,NA
2,ingama,0.07175670688622
2,ingami,0.029416685374559
2,ingape,0.023560578590528
2,ingapu,0.047555454430486
2,ingaqu,0.014746550438482
2,ingaru,0.036867377145796
2,ingas1,0.012835263892354
2,ingasa,0.022063804073355
2,ingasp,0.034750190616973
2,ingath,0
2,ingaum,0.011222194699606
2,jac1co,0.056687489380511
2,koanwe,0.066312756569898
2,laciag,0.025036380937792
2,lacmpa,0.006520215759856
2,laetpr,0.100462556041637
2,laetth,0.024364365411682
2,lafopu,0.077361725963699
2,leandi,NA
2,licahy,0.008829951622683
2,licapl,0.01898920064837
2,lindla,0.130730149591821
2,loncla,0.018315995345152
2,lopida,Inf
2,lozapi,0.117574116852594
2,luehse,0.0949094465337
2,lycima,Inf
2,maclti,Inf
2,macrgl,0.008366325376769
2,malmsp,0.000780836189054
2,malpro,0.027192014119356
2,maquco,0.00859875211857
2,mar1la,0.014186018627936
2,margno,0
2,maytsc,0.004158215019486
2,micoaf,0.036507281334865
2,micoar,0.117436016470353
2,micodo,NA
2,micoel,0.049685495894216
2,micoho,0.034777412456607
2,micoim,0
2,micone,0.167205450356103
2,micopr,NA
2,mourmy,0.028652017761871
2,myrcga,0.008892865127493
2,myrofr,0
2,nectci,0.01688140883561
2,nectgl,0.034524789601772
2,nectpu,0.015607722602871
2,nects1,0.054365995065587
2,nects3,Inf
2,neeaam,0.031980935057714
2,ochrpy,Inf
2,ocotce,0.016012850632261
2,ocotob,0.081017598438063
2,ocotpu,0.031755574538433
2,ocotwh,0.066894559544198
2,olmeas,0.072318118880175
2,oreoca,NA
2,ormoam,0
2,ormocr,0
2,ormoma,0
2,ouralu,0.008569194087399
2,paligu,0.12745474537869
2,pentma,0.021883877620967
2,perexa,0.022046944340749
2,phoeci,0.038287950397155
2,picrla,0.028013274470257
2,pipea1,0.056891175302171
2,pipeae,0.105162204704286
2,pipeca,0.096673087606491
2,pipeco,0.080645359382915
2,pipecu,0.066526912054457
2,pipeim,0
2,pipepe,0.075959221545686
2,pipere,0.046813217896838
2,pit1ma,NA
2,pit1ru,0
2,pla1pi,0.073674514381753
2,pla2el,0.032898101454357
2,pochqu,NA
2,pochse,0
2,posola,0.01783383510822
2,poular,0.071493911707027
2,pourbi,0.024755651374271
2,poutfo,0
2,poutre,0.014654198850895
2,poutst,0
2,pri2co,0.00637922748763
2,protco,0.023438041735259
2,protpa,0.013598037184257
2,protsp,0
2,protte,0.012960152391401
2,pse1se,0.335839965516018
2,psidfr,0.00563229654028
2,psycac,0.328312321330214
2,psycb1,NA
2,psycch,0.023830775339972
2,psycde,0.141327515724805
2,psycfu,NA
2,psycg1,0.050265135521214
2,psycg2,0.175885636859909
2,psycg3,0.090207194374233
2,psycho,0.047393833044751
2,psycli,0.066017196012971
2,psycma,0.058669978258566
2,psycpi,0
2,psycps,NA
2,psycra,0.13220470375954
2,pterof,0.175002713771719
2,pterro,0.017918812163389
2,quaras,0.015170619118726
2,quasam,0.008918194276102
2,randar,0.018397605354882
2,randfo,0
2,rauvli,NA
2,rinosy,0.01533336425248
2,sapiau,0.118766456059395
2,sapisp,NA
2,sch2mo,NA
2,schipa,0
2,sennda,0.149201764602535
2,simaam,0.054745051320198
2,sipagu,0.0302103902076
2,sipapa,0.025435188292664
2,sloate,0.006856132859386
2,solaar,0
2,solaas,NA
2,solaha,0.237364882147661
2,solast,0.20930268891734
2,soroaf,0.013547129522143
2,spacme,NA
2,sponmo,0.052955204153255
2,sponra,0.06949765306983
2,stemgr,NA
2,sterap,0
2,stylst,0.014293551736739
2,swars1,0.002476985604643
2,swars2,0.002730612349476
2,sympgl,0.020726463439421
2,tab1gu,0.010940129893907
2,tab1ro,0.025045674606004
2,tab2ar,0.01232484312247
2,tachve,0.031995113976894
2,taline,0.006818454489894
2,talipr,0.002936228132669
2,termam,0.015866676043528
2,termob,0.018118690062559
2,ternte,NA
2,tet2pa,0.011785412464158
2,tet4jo,NA
2,theoca,0
2,thevah,0.030939989714043
2,tocopi,0.077591406253846
2,tratas,0.03937453591291
2,tremin,NA
2,tremmi,0.131211198600425
2,tri1gi,0.12841593086458
2,tri2pa,0.019060877626798
2,tri2tu,0.022544970814061
2,tri4ga,NA
2,tripcu,0.028306778913389
2,tropra,0.012733587972741
2,turpoc,0.174896627133215
2,uniden,0
2,unonpi,0.022111563644878
2,urerba,0.260599081522923
2,verbgi,NA
2,virose,0.023389247199694
2,virosp,0.017095746723078
2,virosu,0.026934621946991
2,vismba,0.051585739661526
2,vismbi,0
2,vismma,NA
2,vochfe,0.034999797802554
2,xyl1ma,0.00613783361518
2,xyl2ch,Inf
2,xyl2ol,0.032281949123939
2,zantbe,0.203129248544117
2,zantp1,0.068727858814669
2,zantpr,0.061107721281683
2,zantse,NA
2,zuelgu,0.048783484607526
3,acacme,0
3,acaldi,0.09287658439132
3,acalma,0.09757144446474
3,ade1tr,0.07353115173312
3,aegipa,0.087351421804662
3,alchco,0.111809493891634
3,alchla,0
3,alibed,0.012019847348288
3,allops,0.061135516012325
3,alsebl,0.013525191461116
3,amaico,0.010770884083623
3,anacex,NA
3,anaxpa,0.00350967219284
3,andiin,0.007497984243341
3,annoac,0.019465492554331
3,annoha,NA
3,annosp,0.08072760992858
3,apeihy,NA
3,apeime,0.118831578494426
3,apeiti,0.106531380084805
3,aphesi,0.03762313481299
3,appuse,0
3,ardiba,Inf
3,ardife,0.003061072871456
3,ardigu,0.024351852823136
3,aspicr,0.012465331109649
3,ast2gr,0.011380091559564
3,banagu,0.085047548279005
3,beilpe,0.021615169528517
3,bertgu,0
3,boropa,0
3,brosal,0.008023897101874
3,brosgu,0
3,calolo,0.025194240889138
3,cappfr,0.006270641182055
3,carica,NA
3,caseac,0.020859590584554
3,casear,0.084790558009387
3,caseco,0
3,casegu,0.02484645344038
3,casesy,0.038486682924617
3,cassel,0.006152424240454
3,cavapl,0
3,cecrin,0.321180283748313
3,cecrlo,NA
3,cecrob,0.205152689856855
3,cedrod,0.177597049069108
3,ceibpe,0.200106171166212
3,celtsc,0.025519513698658
3,cespma,0.08477168330653
3,cestme,0.140721360690702
3,cha2sc,0.011023614997427
3,chimpa,0
3,chr1ec,0.012494637750746
3,chr2ar,0.010873801157619
3,chr2ca,0.016116989978854
3,clidde,Inf
3,clidoc,Inf
3,clidse,NA
3,cnempe,Inf
3,coccco,0.034085441017299
3,coccma,0.007696133152255
3,colugl,NA
3,conobr,0
3,conoci,0.123840613766139
3,cordal,0.084565151358925
3,cordbi,0.069278917963107
3,cordla,0.028669806103425
3,cou2cu,0.010233759698824
3,couthe,NA
3,crotbi,0.226717513463735
3,cupaci,0
3,cupala,0.046820151560278
3,cuparu,0
3,cupasy,0.002203225963804
3,cyphha,Inf
3,dendar,0.095520262469419
3,des2pa,0.022278967883858
3,dio2ar,0
3,diptpa,0.043360530561517
3,drypst,0.015280603246364
3,entesc,0
3,ery1co,0.044941734637671
3,ery2ma,0.040339601843849
3,ery2pa,0.024813188364925
3,eugeco,0.023163161183253
3,eugega,0.011774150142179
3,eugene,0.007193986639032
3,eugeoe,0.027225411760688
3,faraoc,0.0085573903607
3,gar2in,0.011071714657525
3,gar2ma,0.059384245480165
3,geniam,0.019474060585202
3,guapst,0.015478132402404
3,guargr,0.017160911167442
3,guargu,0.019002026196874
3,guarsp,0.029886330820943
3,guatdu,0.038137830832446
3,guazul,0.085478431131185
3,guetfo,0.025900571907546
3,gustsu,0.025012784249997
3,hameax,0.087783759127793
3,hamepa,0.14442213787765
3,hampap,0.177059975851654
3,hassfl,0.073811632247345
3,heisac,0.020967582978168
3,heisco,0.007585623364923
3,herrpu,0.009710938127456
3,hirtam,0.043636523581849
3,hirttr,0.012713698305946
3,huracr,0.107793089768634
3,hybapr,0.02955518781592
3,hyeral,0.066126622040261
3,ingaco,0.051501612553012
3,ingafa,0.02298338696463
3,ingago,0.031942738583778
3,ingam1,NA
3,ingama,0.092449251128505
3,ingami,0.032310604250561
3,ingape,0.042483291902814
3,ingapu,0.042331444224145
3,ingaqu,0.01657611437471
3,ingaru,0.020048820675855
3,ingas1,0.008200209738139
3,ingasa,0.018538558286708
3,ingasp,0.106946611876951
3,ingath,0
3,ingaum,0.020887306441556
3,jac1co,0.143864761093607
3,koanwe,0.114244463893636
3,laciag,0.028184101189497
3,lacmpa,0.007338375002881
3,laetpr,0.143004734985254
3,laetth,0.029720734169008
3,lafopu,NA
3,leandi,Inf
3,licahy,0.002210775882387
3,licapl,0.017143890717949
3,lindla,0.085456509369017
3,loncla,0.02370839413909
3,lopida,NA
3,lozapi,0.144890504215673
3,luehse,0.094020337772763
3,lycima,NA
3,maclti,NA
3,macrgl,0.02848768818586
3,malmsp,0.002992930703502
3,malpro,0.019213939964496
3,maquco,0.007134368220035
3,mar1la,0
3,margno,0.145731476586283
3,maytsc,0.004239657363327
3,micoaf,0.036442884096402
3,micoar,0.153904363293471
3,micodo,NA
3,micoel,0.020810701257772
3,micoho,0
3,micoim,0
3,micone,0.114086703073962
3,micopr,0
3,mourmy,0.028653235572293
3,myrcga,0.051644365238147
3,myrofr,0
3,nectci,0.031659140063512
3,nectgl,0.022711654660976
3,nectpu,0.006719650191791
3,nects1,0.292304237494034
3,nects3,NA
3,neeaam,0.040695834682223
3,ochrpy,Inf
3,ocotce,0.01451761389396
3,ocotob,0.057324114055494
3,ocotpu,0.029287716210539
3,ocotwh,0.083520778919759
3,olmeas,0.070878994214493
3,oreoca,NA
3,ormoam,0
3,ormocr,0
3,ormoma,0
3,ouralu,0.0113814767114
3,paligu,0.2728111090173
3,pentma,0.027289762707814
3,perexa,0.025746914578559
3,phoeci,0.028413615146061
3,picrla,0.028349152178825
3,pipea1,0.107415842687849
3,pipeae,0.099831610027512
3,pipeca,0.289919275922725
3,pipeco,0.217555563436862
3,pipecu,0.105866465660763
3,pipeim,0.143725238546421
3,pipepe,0.072552088408293
3,pipere,0.026805133460625
3,pit1ma,NA
3,pit1ru,0
3,pla1pi,0.043968229570292
3,pla2el,0.070282980159417
3,pochqu,NA
3,pochse,0
3,posola,0.012907789915946
3,poular,0.054819509675238
3,pourbi,0.009977411664727
3,poutfo,0
3,poutre,0.022487403997305
3,poutst,0.007639872171714
3,pri2co,0.006195071595001
3,protco,0.023793063885008
3,protpa,0.016939792403813
3,protsp,0
3,protte,0.016360942257744
3,pse1se,0.07469070248459
3,psidfr,0.017284608393477
3,psycac,0.173549936476274
3,psycb1,0
3,psycch,0.106079137558576
3,psycde,0.158501928718188
3,psycfu,Inf
3,psycg1,0.079950490816614
3,psycg2,0.144938890911418
3,psycg3,0.061372374398826
3,psycho,0.058082471940915
3,psycli,0.011375261446427
3,psycma,0.060169981082421
3,psycpi,0.084353216671639
3,psycps,NA
3,psycra,Inf
3,pterof,0
3,pterro,0.021353734784023
3,quaras,0.01650214260084
3,quasam,0.012689822513795
3,randar,0.017258100698427
3,randfo,0
3,rauvli,NA
3,rinosy,0.016558762134079
3,sapiau,0.145037492326697
3,sapisp,NA
3,sch2mo,NA
3,schipa,0
3,sennda,0.147061001578525
3,simaam,0.065499284036953
3,sipagu,0
3,sipapa,0.021157165420505
3,sloate,0.012491504722712
3,solaar,NA
3,solaas,0.228339229003809
3,solaha,0.379788491558432
3,solast,Inf
3,soroaf,0.015169165001536
3,spacme,NA
3,sponmo,0.090834280803958
3,sponra,0.075310099499806
3,stemgr,NA
3,sterap,0.033390187921087
3,stylst,0.017151422907135
3,swars1,0.003105840501501
3,swars2,0.002809952250891
3,sympgl,0.026943204622131
3,tab1gu,0.005845150243563
3,tab1ro,0.042536459937183
3,tab2ar,0.010342972709902
3,tachve,0.035348893766903
3,taline,0.006275135625872
3,talipr,0.00410371085384
3,termam,0
3,termob,0.01943379541992
3,ternte,NA
3,tet2pa,0.014557738500866
3,tet4jo,0
3,theoca,0
3,thevah,0.012285165277088
3,tocopi,0
3,tratas,0.117906688570572
3,tremin,NA
3,tremmi,0.14417540301795
3,tri1gi,0
3,tri2pa,0.021002004135076
3,tri2tu,0.022600077863598
3,tri4ga,NA
3,tripcu,0.035673975269733
3,tropra,0.014367175761487
3,turpoc,0
3,uniden,0.144298664975503
3,unonpi,0.035469740405566
3,urerba,0.304469353897159
3,verbgi,NA
3,virose,0.027555495131173
3,virosp,0.05668407264558
3,virosu,0.02793095832669
3,vismba,0.06493847513379
3,vismbi,0
3,vismma,NA
3,vochfe,0.018054768041734
3,xyl1ma,0.005858161576784
3,xyl2ch,NA
3,xyl2ol,0.04406313326239
3,zantbe,0.184026743402413
3,zantp1,0.084123378824821
3,zantpr,0.046291643762126
3,zantse,NA
3,zuelgu,0.084870869354
4,acacme,0
4,acaldi,0.069982218799015
4,acalma,0.167241973447313
4,ade1tr,0.114939435706501
4,aegipa,0.12267967333932
4,alchco,0.218720141904549
4,alchla,0
4,alibed,0.026520709537813
4,allops,0.060779207552144
4,alsebl,0.018017450197205
4,amaico,0.032493999890006
4,anacex,Inf
4,anaxpa,0.006214117415174
4,andiin,0.014784908422962
4,annoac,0.029901859651302
4,annoha,NA
4,annosp,0.25807671842018
4,apeihy,NA
4,apeime,0.062130212557392
4,apeiti,0
4,aphesi,0.081393861355596
4,appuse,0
4,ardiba,0
4,ardife,0.005663507269914
4,ardigu,0.044796736351278
4,aspicr,0.010710785214631
4,ast2gr,0.030833753889053
4,banagu,0.219632259680365
4,beilpe,0.026765095568676
4,bertgu,Inf
4,boropa,0
4,brosal,0.007133758341106
4,brosgu,0
4,calolo,0.030755974004123
4,cappfr,0.009156416121073
4,carica,NA
4,caseac,0.017764881533782
4,casear,0.051332428958815
4,caseco,0
4,casegu,0.044892967291388
4,casesy,0.057608075280963
4,cassel,0.009372184046652
4,cavapl,0.138534614336263
4,cecrin,0.086696308620563
4,cecrlo,NA
4,cecrob,0.069608089519952
4,cedrod,Inf
4,ceibpe,0
4,celtsc,0.017427922237632
4,cespma,0
4,cestme,0.099452924004378
4,cha2sc,0.010997459909122
4,chimpa,0
4,chr1ec,0.011452159838674
4,chr2ar,0.017097715837351
4,chr2ca,0.033368844966126
4,clidde,Inf
4,clidoc,0.358761158228715
4,clidse,NA
4,cnempe,NA
4,coccco,0.022638599848268
4,coccma,0.007449647388998
4,colugl,NA
4,conobr,0
4,conoci,0.101962409192507
4,cordal,0.094176379945898
4,cordbi,0.12494578190946
4,cordla,0.044245952756081
4,cou2cu,0.01565807577073
4,couthe,NA
4,crotbi,0.254641770720777
4,cupaci,0.139130980600579
4,cupala,0
4,cuparu,0.002029248093208
4,cupasy,0.001244530742263
4,cyphha,Inf
4,dendar,0.063941403208471
4,des2pa,0.021620653069324
4,dio2ar,0.003743532238713
4,diptpa,0.074069876011965
4,drypst,0.01719325461518
4,entesc,0
4,ery1co,0.069093420711382
4,ery2ma,0.044702089641607
4,ery2pa,0.027788704455302
4,eugeco,0.040794321786212
4,eugega,0.013725385143455
4,eugene,0.009556404227787
4,eugeoe,0.04580948002393
4,faraoc,0.011679968724276
4,gar2in,0.010135454884499
4,gar2ma,0.011897902897293
4,geniam,0.016956207338422
4,guapst,0.064483561143852
4,guargr,0.027499200456997
4,guargu,0.020940710899805
4,guarsp,0.038302462878607
4,guatdu,0.04557179458503
4,guazul,0.057497059897682
4,guetfo,0.032823228353479
4,gustsu,0.045723391748557
4,hameax,0.130379152893453
4,hamepa,0
4,hampap,0.41537655077854
4,hassfl,0.077246796420554
4,heisac,0.006811953358265
4,heisco,0.009382289975581
4,herrpu,0.007993286223973
4,hirtam,0.073503933453874
4,hirttr,0.02222019790519
4,huracr,0.138213188316921
4,hybapr,0.033681111021241
4,hyeral,0.093231238795978
4,ingaco,0.044768439272481
4,ingafa,0.048582414210937
4,ingago,0.028238274109898
4,ingam1,NA
4,ingama,0.095478493940704
4,ingami,0.057670624019217
4,ingape,0.030947220091982
4,ingapu,0.057516730462135
4,ingaqu,0.016491567283922
4,ingaru,0.09371208493047
4,ingas1,0.017594083842819
4,ingasa,0.023941018881796
4,ingasp,0
4,ingath,0
4,ingaum,0.032353455170256
4,jac1co,0.102179112311352
4,koanwe,0.321896395529819
4,laciag,0.038127908066906
4,lacmpa,0.022652447271274
4,laetpr,0
4,laetth,0.035699628848284
4,lafopu,NA
4,leandi,NA
4,licahy,0.01410335707052
4,licapl,0.032293735282905
4,lindla,0.06782366690171
4,loncla,0.035407853847993
4,lopida,NA
4,lozapi,0.080882649228021
4,luehse,0.118855087350412
4,lycima,NA
4,maclti,NA
4,macrgl,0.042404729624324
4,malmsp,0.006607826179568
4,malpro,0.039859337568811
4,maquco,0.006402143169426
4,mar1la,0
4,margno,0
4,maytsc,0.021991398539228
4,micoaf,0.054966678291424
4,micoar,0.190009445131729
4,micodo,NA
4,micoel,0.081148564787127
4,micoho,0.012524905973229
4,micoim,0.040193663028718
4,micone,0.112764897001921
4,micopr,0
4,mourmy,0.037625827019741
4,myrcga,0.043484478643838
4,myrofr,0.080971093896395
4,nectci,0.026842041443605
4,nectgl,0.040578282709633
4,nectpu,0.012129026461861
4,nects1,0
4,nects3,NA
4,neeaam,0.038473085370449
4,ochrpy,NA
4,ocotce,0.01498553295681
4,ocotob,0.092783824453604
4,ocotpu,0.025397304190454
4,ocotwh,0.091329672074161
4,olmeas,0.055993671659236
4,oreoca,NA
4,ormoam,0
4,ormocr,0
4,ormoma,0
4,ouralu,0.012754695992208
4,paligu,0.29204768694311
4,pentma,0.033331645715768
4,perexa,0.017179575209132
4,phoeci,0.030109256299092
4,picrla,0.035831219721234
4,pipea1,0.090519061107519
4,pipeae,0.155170654246331
4,pipeca,Inf
4,pipeco,0.253837037289155
4,pipecu,0.081022776002466
4,pipeim,0
4,pipepe,0.106233596858385
4,pipere,0.065370841060772
4,pit1ma,NA
4,pit1ru,0
4,pla1pi,0.067008535085881
4,pla2el,0.070937266261408
4,pochqu,NA
4,pochse,0.026805353754387
4,posola,0.016723481777491
4,poular,0.049888373429834
4,pourbi,0.024454798398442
4,poutfo,0
4,poutre,0.035497082754709
4,poutst,0
4,pri2co,0.011382782718395
4,protco,0.027331074961855
4,protpa,0.017661854116402
4,protsp,0
4,protte,0.018954623118687
4,pse1se,0.138648416045739
4,psidfr,0.00891971060699
4,psycac,0.235465692796164
4,psycb1,Inf
4,psycch,0.219725799825033
4,psycde,0.240414987123254
4,psycfu,NA
4,psycg1,0.149272594495071
4,psycg2,Inf
4,psycg3,0.097156148210806
4,psycho,0.067737300103559
4,psycli,0.063572864861448
4,psycma,0.07954197833982
4,psycpi,0.081133745838116
4,psycps,0
4,psycra,NA
4,pterof,0.139565605126527
4,pterro,0.023598862178134
4,quaras,0.01785105845273
4,quasam,0.01541077809698
4,randar,0.034853645428568
4,randfo,0
4,rauvli,0
4,rinosy,0.019861551319158
4,sapiau,0.183948109166228
4,sapisp,NA
4,sch2mo,NA
4,schipa,0.026796149251346
4,sennda,0.13257600445964
4,simaam,0.083698636781675
4,sipagu,0
4,sipapa,0.019618013790853
4,sloate,0.0121588185342
4,solaar,NA
4,solaas,0.138876581294306
4,solaha,0.221077606802623
4,solast,0
4,soroaf,0.021580902062991
4,spacme,NA
4,sponmo,0.107834974504975
4,sponra,0.132363546867589
4,stemgr,NA
4,sterap,0.094518279742329
4,stylst,0.021614729663288
4,swars1,0.0029552266158
4,swars2,0.003231852923458
4,sympgl,0.038615696295537
4,tab1gu,0.017957760783304
4,tab1ro,0.040992834705196
4,tab2ar,0.021293957946718
4,tachve,0.060145094887459
4,taline,0.007328449136556
4,talipr,0.004772534260857
4,termam,0.048208841967676
4,termob,0.006362150428639
4,ternte,NA
4,tet2pa,0.020944668305054
4,tet4jo,NA
4,theoca,0
4,thevah,0.035143220069423
4,tocopi,0
4,tratas,0.080882649228021
4,tremin,NA
4,tremmi,0.3575198831661
4,tri1gi,0.184292505405856
4,tri2pa,0.023372103669737
4,tri2tu,0.026758607242783
4,tri4ga,NA
4,tripcu,0.065069618916095
4,tropra,0.020476162018647
4,turpoc,0.058221846218597
4,uniden,0.093776074063232
4,unonpi,0.039485113188607
4,urerba,0.261323298432587
4,verbgi,NA
4,virose,0.037103417106907
4,virosp,0.057594232108718
4,virosu,0.048195653165012
4,vismba,0.052348273208928
4,vismbi,0
4,vismma,Inf
4,vochfe,0.138857538845205
4,xyl1ma,0.012320764787313
4,xyl2ch,NA
4,xyl2ol,0.051618175557239
4,zantbe,0.162055403097792
4,zantp1,0.149868314393719
4,zantpr,0.0584973303516
4,zantse,NA
4,zuelgu,0.067473902702507
5,acacme,0
5,acaldi,0.0422951965533
5,acalma,0.08767382849875
5,ade1tr,0.058825950077438
5,aegipa,0.097756307215224
5,alchco,0.133315527670557
5,alchla,NA
5,alibed,0.023075733594079
5,allops,0.055969798067657
5,alsebl,0.019240235378162
5,amaico,0.012007829053995
5,anacex,0
5,anaxpa,0.007346790067399
5,andiin,0.005458915065824
5,annoac,0.026743411674041
5,annoha,NA
5,annosp,0.155014296801123
5,apeihy,NA
5,apeime,0.072715691622107
5,apeiti,0.137893250381002
5,aphesi,0.036198377578724
5,appuse,0
5,ardiba,0.080567302966637
5,ardife,0.007379597204131
5,ardigu,0.010670980001433
5,aspicr,0.010505613328178
5,ast2gr,0.013255332126893
5,banagu,NA
5,beilpe,0.024410413291259
5,bertgu,NA
5,boropa,0
5,brosal,0.008408293366847
5,brosgu,0
5,calolo,0.025917044189849
5,cappfr,0.00620918725303
5,carica,NA
5,caseac,0.011124958061529
5,casear,0.063893858307917
5,caseco,0
5,casegu,0
5,casesy,0.033987772573462
5,cassel,0.010665193552126
5,cavapl,0
5,cecrin,0.182269017597031
5,cecrlo,0.138699054619898
5,cecrob,0.142475101461711
5,cedrod,Inf
5,ceibpe,0.161197941177791
5,celtsc,0.005436130412569
5,cespma,0
5,cestme,0.095541555255155
5,cha2sc,0.012959969589557
5,chimpa,NA
5,chr1ec,0.01453494085177
5,chr2ar,0.013633380776926
5,chr2ca,0.028326535168441
5,clidde,0.3720139251799
5,clidoc,Inf
5,clidse,Inf
5,cnempe,NA
5,coccco,0.005418985751714
5,coccma,0.002409686372999
5,colugl,Inf
5,conobr,0.183042654680067
5,conoci,0.134548833646222
5,cordal,0.057021232919828
5,cordbi,0.109487501985779
5,cordla,0.033021056692812
5,cou2cu,0.017546033173059
5,couthe,NA
5,crotbi,0.155039084991252
5,cupaci,0
5,cupala,0.034616867786431
5,cuparu,0.004803072695362
5,cupasy,0.001201870008776
5,cyphha,NA
5,dendar,0.049860181928083
5,des2pa,0.016274826242586
5,dio2ar,0.010756842211987
5,diptpa,0
5,drypst,0.015976182652584
5,entesc,0
5,ery1co,0.033747662249152
5,ery2ma,0.044261415960067
5,ery2pa,0.016568631354312
5,eugeco,0.027052908978132
5,eugega,0.00990400516905
5,eugene,0.008316874035335
5,eugeoe,0.038458688844178
5,faraoc,0.01272750896909
5,gar2in,0.010436242804304
5,gar2ma,0.006594146962066
5,geniam,0.017255559182503
5,guapst,0.014167469232955
5,guargr,0.027253017942064
5,guargu,0.025901163216929
5,guarsp,0.05587482905256
5,guatdu,0.0450928197811
5,guazul,0.066793296227746
5,guetfo,0.028688653355596
5,gustsu,0.005165272701094
5,hameax,0.079303575468655
5,hamepa,0
5,hampap,0.151228670100755
5,hassfl,0.05176526532269
5,heisac,0.011328241879582
5,heisco,0.007012983695113
5,herrpu,0.005609642292991
5,hirtam,0.044468004538023
5,hirttr,0.017091692913168
5,huracr,0.079936738432803
5,hybapr,0.025332949531943
5,hyeral,0.062551691712697
5,ingaco,0.029699002628001
5,ingafa,0.04865354147341
5,ingago,0.027109481267922
5,ingam1,0
5,ingama,0.087275356145517
5,ingami,0
5,ingape,0.011167574179069
5,ingapu,0.044331347357909
5,ingaqu,0.018961789319947
5,ingaru,0.057520666190236
5,ingas1,0.014889520870581
5,ingasa,0.029134405775004
5,ingasp,0.137893250381002
5,ingath,0
5,ingaum,0.020163095870474
5,jac1co,0.061748657779885
5,koanwe,Inf
5,laciag,0.031962455059982
5,lacmpa,0.008461152110203
5,laetpr,0.05690543025346
5,laetth,0.033632129377397
5,lafopu,NA
5,leandi,0
5,licahy,0.014871316337856
5,licapl,0.031532720236608
5,lindla,0.137444086698979
5,loncla,0.024443371280674
5,lopida,NA
5,lozapi,0.138876581294306
5,luehse,0.191688559261173
5,lycima,NA
5,maclti,NA
5,macrgl,0.008261810329165
5,malmsp,0.002367611511195
5,malpro,0.036089081832228
5,maquco,0.009038963327699
5,mar1la,0
5,margno,NA
5,maytsc,0.010201263677354
5,micoaf,0.03222539626346
5,micoar,0.20090755859966
5,micodo,0
5,micoel,0.052194198037446
5,micoho,0.018327231531937
5,micoim,0.044290393499356
5,micone,0.135087736619877
5,micopr,0
5,mourmy,0.025957289575855
5,myrcga,0.027232511818513
5,myrofr,0.044074833505037
5,nectci,0.011219386448043
5,nectgl,0.042513715199293
5,nectpu,0.003790148118404
5,nects1,Inf
5,nects3,NA
5,neeaam,0.012795817459516
5,ochrpy,Inf
5,ocotce,0.008498619279497
5,ocotob,0.07380026028281
5,ocotpu,0.030183938207218
5,ocotwh,0.066610336017389
5,olmeas,0.062243214035459
5,oreoca,NA
5,ormoam,NA
5,ormocr,0
5,ormoma,0.002034121003715
5,ouralu,0.009162112821898
5,paligu,0.276461636158008
5,pentma,0.025397554974084
5,perexa,0.011259577647031
5,phoeci,0.037327071524683
5,picrla,0.02874546296925
5,pipea1,0.044345819749451
5,pipeae,0.033127905007596
5,pipeca,0
5,pipeco,0.117234123890571
5,pipecu,0.080790724591448
5,pipeim,NA
5,pipepe,0.06529643138811
5,pipere,0.049089356985592
5,pit1ma,NA
5,pit1ru,NA
5,pla1pi,0.075843275665827
5,pla2el,0.044408158859226
5,pochqu,NA
5,pochse,0
5,posola,0.015099828201955
5,poular,0.026752715340632
5,pourbi,0.057381059276254
5,poutfo,0
5,poutre,0.035867915602593
5,poutst,0.031716653718771
5,pri2co,0.012745822032844
5,protco,0.029088328612589
5,protpa,0.017626941989161
5,protsp,0
5,protte,0.018713128071665
5,pse1se,0.101489914643455
5,psidfr,0.01845377041138
5,psycac,0.357715302615768
5,psycb1,NA
5,psycch,0.036132907552356
5,psycde,0.124660284967978
5,psycfu,NA
5,psycg1,0.168322448541438
5,psycg2,NA
5,psycg3,0.082910618338821
5,psycho,0.068083582970797
5,psycli,0.038291041135469
5,psycma,0.064216731984697
5,psycpi,0.216239341711529
5,psycps,0
5,psycra,NA
5,pterof,0
5,pterro,0.019751476293737
5,quaras,0.012460409326192
5,quasam,0.017039769086276
5,randar,0.020839953835582
5,randfo,0.137593482445391
5,rauvli,0
5,rinosy,0.014856639640502
5,sapiau,0.217120773268177
5,sapisp,0
5,sch2mo,NA
5,schipa,0
5,sennda,0.095175676828534
5,simaam,0.070183892400127
5,sipagu,0.044610389774228
5,sipapa,0.012573163970386
5,sloate,0.011677075254306
5,solaar,NA
5,solaas,0.317858331089302
5,solaha,0.153402230724104
5,solast,Inf
5,soroaf,0.024253287936968
5,spacme,NA
5,sponmo,0.077912055306858
5,sponra,0.076659059978402
5,stemgr,NA
5,sterap,0.034102479783443
5,stylst,0.019783712485861
5,swars1,0.003798186251315
5,swars2,0.004029105622545
5,sympgl,0.024516627147657
5,tab1gu,0.02251996394969
5,tab1ro,0.045353200089547
5,tab2ar,0.014153098705697
5,tachve,0.055829203015463
5,taline,0.005799829981177
5,talipr,0.006597990261999
5,termam,0.056717294089745
5,termob,0.031680306320576
5,ternte,NA
5,tet2pa,0.020585311354125
5,tet4jo,NA
5,theoca,0
5,thevah,0.023940284176381
5,tocopi,0
5,tratas,0.057402828168813
5,tremin,0
5,tremmi,Inf
5,tri1gi,0.217371689293622
5,tri2pa,0.032486911978966
5,tri2tu,0.023253345739589
5,tri4ga,Inf
5,tripcu,0.061879140192191
5,tropra,0.025334931140385
5,turpoc,0.080457876169779
5,uniden,Inf
5,unonpi,0.047498201282802
5,urerba,0.398410203688319
5,verbgi,Inf
5,virose,0.031681948080294
5,virosp,0
5,virosu,0.040055876723622
5,vismba,0.066903246178115
5,vismbi,NA
5,vismma,Inf
5,vochfe,0
5,xyl1ma,0.006034227920609
5,xyl2ch,NA
5,xyl2ol,0.076209525259415
5,zantbe,0.195457348885854
5,zantp1,0.0830967437672
5,zantpr,0.047097894351319
5,zantse,NA
5,zuelgu,0.072504716659793
6,acacme,0
6,acaldi,0.042444565942763
6,acalma,0.081258164840864
6,ade1tr,0.099636861087209
6,aegipa,0.242313790379132
6,alchco,0.146790913979066
6,alchla,NA
6,alibed,0.022421310533267
6,allops,0.02881485361636
6,alsebl,0.018248588550293
6,amaico,0.062882038021118
6,anacex,0.280328866656908
6,anaxpa,0.020836686055965
6,andiin,0.010653666896196
6,annoac,0.025281751828533
6,annoha,NA
6,annosp,0.209402211926693
6,apeihy,NA
6,apeime,0.090318143710133
6,apeiti,0.09108964842088
6,aphesi,0
6,appuse,0
6,ardiba,0
6,ardife,0.002362409754824
6,ardigu,0.011600543057071
6,aspicr,0.009861648071018
6,ast2gr,0.008028370126159
6,banagu,NA
6,beilpe,0.018982473042241
6,bertgu,NA
6,boropa,0
6,brosal,0.01095779908223
6,brosgu,0.082306111932108
6,calolo,0.022797360615493
6,cappfr,0.010758393071445
6,carica,NA
6,caseac,0.016240737444494
6,casear,0.087928608473478
6,caseco,0.012963604782016
6,casegu,0
6,casesy,0.020458535668283
6,cassel,0.010856091322709
6,cavapl,0.037037235049495
6,cecrin,0.325723404457968
6,cecrlo,0.253482250688551
6,cecrob,0.218367560914548
6,cedrod,0.221368961991188
6,ceibpe,0.373119797715936
6,celtsc,0.00567422161479
6,cespma,0
6,cestme,0.094627908312409
6,cha2sc,0.005694831672659
6,chimpa,NA
6,chr1ec,0.011744738396402
6,chr2ar,0.009648617059621
6,chr2ca,0.023342649676019
6,clidde,0.572306514739616
6,clidoc,0.362052545001455
6,clidse,Inf
6,cnempe,NA
6,coccco,0.019227654575438
6,coccma,0.008821289676421
6,colugl,NA
6,conobr,0.045124118102932
6,conoci,0.105725723038072
6,cordal,0.074908230519831
6,cordbi,0.09278213058657
6,cordla,0.02911001728459
6,cou2cu,0.021688998883301
6,couthe,0
6,crotbi,0.167668946774479
6,cupaci,0
6,cupala,0
6,cuparu,0.010589594257765
6,cupasy,0.001427376409553
6,cyphha,0.276955567017115
6,dendar,0.057801486330475
6,des2pa,0.018644581754663
6,dio2ar,0.006694762922438
6,diptpa,0.044890494667061
6,drypst,0.018670754560445
6,entesc,0
6,ery1co,0.041825604845032
6,ery2ma,0.02579228801928
6,ery2pa,0.013486589227204
6,eugeco,0.01701268972747
6,eugega,0.015185225501658
6,eugene,0.010131926500664
6,eugeoe,0.033672919894073
6,faraoc,0.013028172687195
6,gar2in,0.011244576618755
6,gar2ma,0.010561437349886
6,geniam,0.019905324574259
6,guapst,0.032114729718558
6,guargr,0.013410224837593
6,guargu,0.020666535670167
6,guarsp,0.041535758052322
6,guatdu,0.037992120998917
6,guazul,0.076890108383014
6,guetfo,0.025952106793316
6,gustsu,0.055547367727095
6,hameax,0.074752371812967
6,hamepa,Inf
6,hampap,0.144717477436052
6,hassfl,0.067667332382269
6,heisac,0.008228968993401
6,heisco,0.011621795100201
6,herrpu,0.009160630611644
6,hirtam,0.042025505567779
6,hirttr,0.016411479651368
6,huracr,0.18435341512451
6,hybapr,0.026686328115876
6,hyeral,0.081602476445229
6,ingaco,0.054557671848188
6,ingafa,0.011844771941866
6,ingago,0.020228224350202
6,ingam1,0
6,ingama,0.056789499504801
6,ingami,NA
6,ingape,0.018984711817473
6,ingapu,0.032731404702965
6,ingaqu,0.021423720080209
6,ingaru,0
6,ingas1,0.009733698949217
6,ingasa,0.018425428992196
6,ingasp,0.027107039686596
6,ingath,0.029608501843821
6,ingaum,0.026255892038184
6,jac1co,0.107676670061943
6,koanwe,NA
6,laciag,0.024884741272642
6,lacmpa,0.009349263077663
6,laetpr,0
6,laetth,0.029623653494976
6,lafopu,NA
6,leandi,Inf
6,licahy,0.012873139991686
6,licapl,0.03277464931594
6,lindla,0
6,loncla,0.030787510497351
6,lopida,NA
6,lozapi,0
6,luehse,0.146359118870346
6,lycima,NA
6,maclti,NA
6,macrgl,0.021274215459131
6,malmsp,0.003334327510187
6,malpro,0.022999584809506
6,maquco,0.011397892612389
6,mar1la,0
6,margno,NA
6,maytsc,0.005384039322989
6,micoaf,0.034970665222246
6,micoar,0.168192869709747
6,micodo,0
6,micoel,0
6,micoho,0.017051849304756
6,micoim,0.019145666462118
6,micone,0.101702369085934
6,micopr,0
6,mourmy,0.026242901170666
6,myrcga,0.020186043676533
6,myrofr,0
6,nectci,0.005070410063108
6,nectgl,0.032137236394307
6,nectpu,0.004225431806859
6,nects1,NA
6,nects3,NA
6,neeaam,0.041919707799404
6,ochrpy,0
6,ocotce,0.002224230983634
6,ocotob,0.057931169436092
6,ocotpu,0.030363652284634
6,ocotwh,0.051517010059406
6,olmeas,0.038893932517497
6,oreoca,NA
6,ormoam,NA
6,ormocr,0
6,ormoma,0.002022403694813
6,ouralu,0.009223744668135
6,paligu,0.239688562845542
6,pentma,0.014103921624457
6,perexa,0.016864675106256
6,phoeci,0.054392347966901
6,picrla,0.027129571097183
6,pipea1,0
6,pipeae,0.081613983954886
6,pipeca,0.044905334500008
6,pipeco,0.079281601944267
6,pipecu,0.138534614336263
6,pipeim,NA
6,pipepe,0.087728367594618
6,pipere,0.059587788362221
6,pit1ma,0
6,pit1ru,NA
6,pla1pi,0.072434337223601
6,pla2el,0.036032428642882
6,pochqu,NA
6,pochse,0.045507081025972
6,posola,0.004968198507221
6,poular,0.054490052990313
6,pourbi,0.04074415622687
6,poutfo,0
6,poutre,0.028821196115723
6,poutst,0.007297504207341
6,pri2co,0.011199794206155
6,protco,0.023917361112019
6,protpa,0.017905863894058
6,protsp,0
6,protte,0.019531411640504
6,pse1se,0.131011901533194
6,psidfr,0.013028236969728
6,psycac,0.197137369466245
6,psycb1,0
6,psycch,0.03360224339159
6,psycde,0.193179222466641
6,psycfu,NA
6,psycg1,0.089127210979658
6,psycg2,Inf
6,psycg3,0.06174803919502
6,psycho,0.064753097944367
6,psycli,0.045223885454129
6,psycma,0.056899134001046
6,psycpi,0.102866390495384
6,psycps,Inf
6,psycra,0.139296840549942
6,pterof,NA
6,pterro,0.028499222305823
6,quaras,0.013948404234006
6,quasam,0.01019047556725
6,randar,0.020876450739617
6,randfo,0
6,rauvli,0
6,rinosy,0.017466161838242
6,sapiau,0.238541806209288
6,sapisp,NA
6,sch2mo,NA
6,schipa,0
6,sennda,0.124270168734023
6,simaam,0.075020353708109
6,sipagu,0
6,sipapa,0.025344273603809
6,sloate,0.010225717524578
6,solaar,NA
6,solaas,0.139681107696287
6,solaha,0.2502833742631
6,solast,0.058326881467118
6,soroaf,0.022226290145211
6,spacme,NA
6,sponmo,0.045089169128964
6,sponra,0.1053697930181
6,stemgr,0
6,sterap,0.044867429967804
6,stylst,0.021207354259058
6,swars1,0.004421363387863
6,swars2,0.004043522137515
6,sympgl,0.023745744784617
6,tab1gu,0.013869837986979
6,tab1ro,0.024228919605113
6,tab2ar,0.01616505027171
6,tachve,0.058839641181156
6,taline,0.006853816892261
6,talipr,0.004300557525575
6,termam,0.019403723076201
6,termob,0.00902065715914
6,ternte,NA
6,tet2pa,0.020227676058124
6,tet4jo,NA
6,theoca,0
6,thevah,0.029362473314499
6,tocopi,0
6,tratas,0.019240904175903
6,tremin,0
6,tremmi,0.253582592011759
6,tri1gi,NA
6,tri2pa,0.029263260856061
6,tri2tu,0.020614515512164
6,tri4ga,NA
6,tripcu,0.026927979500158
6,tropra,0.027990489864704
6,turpoc,0.110466774028479
6,uniden,NA
6,unonpi,0.023482745795115
6,urerba,0.125052240855769
6,verbgi,Inf
6,virose,0.021537269962558
6,virosp,0
6,virosu,0.01386271664133
6,vismba,0.019821651294513
6,vismbi,0
6,vismma,NA
6,vochfe,0.02379731308921
6,xyl1ma,0.009049437258083
6,xyl2ch,NA
6,xyl2ol,0.049405290050878
6,zantbe,0.178839271176465
6,zantp1,0.058706538398664
6,zantpr,0.042651340114757
6,zantse,NA
6,zuelgu,0.086024874408448
7,acacme,0.043276603281464
7,acaldi,0.057156564227573
7,acalma,0.051602943449257
7,ade1tr,0.076769992241889
7,aegipa,0.07937084583454
7,alchco,0.076063193156669
7,alchla,NA
7,alibed,0.081739914136979
7,allops,0.080641533628245
7,alsebl,0.095976015365491
7,amaico,0.054924882325921
7,anacex,0.043463727665057
7,anaxpa,0.070954241537314
7,andiin,0.087007769265778
7,annoac,0.102334833465733
7,annoha,NA
7,annosp,0.059933121305158
7,apeihy,NA
7,apeime,0.063169755275147
7,apeiti,0.0950445209674
7,aphesi,0.110281922753499
7,appuse,0
7,ardiba,0
7,ardife,0.07454112018636
7,ardigu,0.191570581806115
7,aspicr,0.059911659965385
7,ast2gr,0.073414484661491
7,banagu,NA
7,beilpe,0.108283598474548
7,bertgu,NA
7,boropa,Inf
7,brosal,0.096273423932871
7,brosgu,0
7,calolo,0.056767680038466
7,cappfr,0.094010633061457
7,carica,0
7,caseac,0.073520314431839
7,casear,0.08082292213717
7,caseco,0.043829886937409
7,casegu,0.108340732735502
7,casesy,0.069396939161502
7,cassel,0.093879604623487
7,cavapl,0.027574077554122
7,cecrin,0.064341075479699
7,cecrlo,0.108822457088827
7,cecrob,0.062486303970288
7,cedrod,0.055739474551031
7,ceibpe,0.091575021981466
7,celtsc,0.049907089776224
7,cespma,0
7,cestme,0.069354195636115
7,cha2sc,0.093995699658191
7,chimpa,NA
7,chr1ec,0.082091252007136
7,chr2ar,0.093696015031396
7,chr2ca,0.078007207227695
7,clidde,0.047880064898752
7,clidoc,0.04286257276756
7,clidse,NA
7,cnempe,NA
7,coccco,0.078847704428806
7,coccma,0.095943396492686
7,colugl,0
7,conobr,0.043068686386343
7,conoci,0.047179035209669
7,cordal,0.066750294657
7,cordbi,0.067281441143757
7,cordla,0.077741028369009
7,cou2cu,0.089366521890739
7,couthe,0
7,crotbi,0.061457905498335
7,cupaci,0
7,cupala,0.088321507487393
7,cuparu,0.090938881758289
7,cupasy,0.089118974298996
7,cyphha,0.135639971979384
7,dendar,0.04916332523417
7,des2pa,0.096747045974479
7,dio2ar,0.091421180913565
7,diptpa,0.067657900607014
7,drypst,0.071113502129084
7,entesc,0
7,ery1co,0.099489517659659
7,ery2ma,0.076144667592252
7,ery2pa,0.087864273289964
7,eugeco,0.085275289788094
7,eugega,0.077116690219411
7,eugene,0.084182974254222
7,eugeoe,0.07507598083675
7,faraoc,0.099856250169687
7,gar2in,0.079565262426286
7,gar2ma,0.100900658598516
7,geniam,0.046088760957082
7,guapst,0.120684402787249
7,guargr,0.06110299835321
7,guargu,0.075156347941853
7,guarsp,0.099967448842796
7,guatdu,0.083854200636759
7,guazul,0.058547622585169
7,guetfo,0.089597306154838
7,gustsu,0.093110884037501
7,hameax,0.054351814635351
7,hamepa,NA
7,hampap,0.046823057318484
7,hassfl,0.104830893490781
7,heisac,0.126497437237742
7,heisco,0.101835233084916
7,herrpu,0.09435233434484
7,hirtam,0.070536555324227
7,hirttr,0.098794069942517
7,huracr,0.211602112024623
7,hybapr,0.09533814396679
7,hyeral,0.061218086057185
7,ingaco,0.062208004916362
7,ingafa,0.166800541371887
7,ingago,0.112963193108051
7,ingam1,NA
7,ingama,0.049598922756918
7,ingami,0
7,ingape,0.04646996294152
7,ingapu,0.088425998041322
7,ingaqu,0.096613553716132
7,ingaru,0.078068598174226
7,ingas1,0.058676843232187
7,ingasa,0.105910558464051
7,ingasp,0.020378589464108
7,ingath,0.055406016805753
7,ingaum,0.091110836205265
7,jac1co,0.054003356244365
7,koanwe,NA
7,laciag,0.096419428280022
7,lacmpa,0.087843754410433
7,laetpr,0.01846371764402
7,laetth,0.106104647556455
7,lafopu,NA
7,leandi,Inf
7,licahy,0.088715772064143
7,licapl,0.074563366692094
7,lindla,0.26955947911334
7,loncla,0.089172608417866
7,lopida,NA
7,lozapi,Inf
7,luehse,0.105360715720113
7,lycima,NA
7,maclti,NA
7,macrgl,0.052506470636255
7,malmsp,0.086709330657218
7,malpro,0.076322807702029
7,maquco,0.089245935758662
7,mar1la,0.134111735466923
7,margno,NA
7,maytsc,0.06499189481767
7,micoaf,0.066102604035377
7,micoar,0.060154381222886
7,micodo,0
7,micoel,0.049448336288167
7,micoho,0.054736723175336
7,micoim,0.069528485495876
7,micone,0.057127721484344
7,micopr,0
7,mourmy,0.087559990196268
7,myrcga,0.093598532984799
7,myrofr,0.088074497043825
7,nectci,0.128128770169161
7,nectgl,0.054588629426654
7,nectpu,0.065096129905136
7,nects1,NA
7,nects3,NA
7,neeaam,0.074347202112775
7,ochrpy,NA
7,ocotce,0.077494688399675
7,ocotob,0.033121857976852
7,ocotpu,0.050512316855537
7,ocotwh,0.051750551807417
7,olmeas,0.06677620807032
7,oreoca,0
7,ormoam,NA
7,ormocr,0.084834742905417
7,ormoma,0.090681480924897
7,ouralu,0.094132496861555
7,paligu,0.06592012432676
7,pentma,0.08214512600344
7,perexa,0.136253552740759
7,phoeci,0.058717856417853
7,picrla,0.07376355389033
7,pipea1,0.073644101568842
7,pipeae,0.041494434081723
7,pipeca,0.079922358735298
7,pipeco,0.072744291576229
7,pipecu,0
7,pipeim,NA
7,pipepe,0.061771229575701
7,pipere,0.06241720958709
7,pit1ma,0.026012782376003
7,pit1ru,NA
7,pla1pi,0.057441293027148
7,pla2el,0.084257691687407
7,pochqu,NA
7,pochse,0.133438284458477
7,posola,0.060608100887071
7,poular,0.088951096150461
7,pourbi,0.071170324425443
7,poutfo,Inf
7,poutre,0.100145882290806
7,poutst,0.087168866364252
7,pri2co,0.123615676027838
7,protco,0.091327424062402
7,protpa,0.089919844145095
7,protsp,0.022439545630919
7,protte,0.076793596592095
7,pse1se,0.038039484537579
7,psidfr,0.051513887387166
7,psycac,0.086342025405238
7,psycb1,0.079951123305654
7,psycch,0.026135623903065
7,psycde,0.033501350352031
7,psycfu,0
7,psycg1,0.051341180881246
7,psycg2,NA
7,psycg3,0.077322900765012
7,psycho,0.097086714217394
7,psycli,0.089606986985899
7,psycma,0.05981999240055
7,psycpi,0
7,psycps,NA
7,psycra,0.03009964492503
7,pterof,NA
7,pterro,0.098327118323692
7,quaras,0.077619295708392
7,quasam,0.062271850106911
7,randar,0.101551987676547
7,randfo,Inf
7,rauvli,0
7,rinosy,0.084035389223439
7,sapiau,0.16336089318641
7,sapisp,NA
7,sch2mo,NA
7,schipa,0.049415800596149
7,sennda,0.049478763838288
7,simaam,0.055165694536149
7,sipagu,0.166300209927962
7,sipapa,0.063832653776002
7,sloate,0.1031648153752
7,solaar,NA
7,solaas,0.055921169219273
7,solaha,0.072019864108308
7,solast,0
7,soroaf,0.103257784370519
7,spacme,NA
7,sponmo,0.06913145707055
7,sponra,0.090858997440844
7,stemgr,NA
7,sterap,0.102725707947607
7,stylst,0.083273907520734
7,swars1,0.093137289880646
7,swars2,0.09127465920121
7,sympgl,0.075063952923855
7,tab1gu,0.097379535562618
7,tab1ro,0.084764044987261
7,tab2ar,0.086185199343123
7,tachve,0.082742419358451
7,taline,0.061318196375783
7,talipr,0.074590372156286
7,termam,0.120503208097549
7,termob,0.112744418608671
7,ternte,NA
7,tet2pa,0.08172848445127
7,tet4jo,0
7,theoca,Inf
7,thevah,0.078667172024123
7,tocopi,Inf
7,tratas,0.098541807901409
7,tremin,0.064990208580591
7,tremmi,NA
7,tri1gi,Inf
7,tri2pa,0.082106952397665
7,tri2tu,0.085996493286455
7,tri4ga,Inf
7,tripcu,0.060961383667841
7,tropra,0.081441480617309
7,turpoc,0.043065272842205
7,uniden,NA
7,unonpi,0.080898713262008
7,urerba,0.08605650672972
7,verbgi,0.132794129399171
7,virose,0.09628266251856
7,virosp,0.213231423670699
7,virosu,0.0631693542526
7,vismba,0.063529434730822
7,vismbi,0.055684089540547
7,vismma,0
7,vochfe,0.088373316045115
7,xyl1ma,0.065515267597024
7,xyl2ch,NA
7,xyl2ol,0.159886936379757
7,zantbe,0.070661218281556
7,zantp1,0.080949489635631
7,zantpr,0.108522050078275
7,zantse,NA
7,zuelgu,0.083803299310207
