sp,Ns,N1,N2,interval_length,int
aegipa,46,74,64,2.985398926323585,1
beilpe,1582,1866,2143,3.131914194361133,1
tet2pa,2435,2706,3087,3.295361469170426,1
alsebl,5433,6160,6518,3.2714596755377423,1
ocotob,90,164,130,3.2202734585828487,1
solaha,15,52,42,3.023041798384264,1
quaras,1116,1311,1284,3.44937107802654,1
gustsu,29,98,50,3.2894313670673774,1
pterro,1137,1324,1398,3.152696955487028,1
virosu,53,78,53,3.345131253686433,1
simaam,549,771,763,3.067799376251765,1
protte,1773,2029,2209,3.636880120093236,1
brosal,408,452,475,3.359720680656668,1
ingape,113,160,153,4.111253245590475,1
poular,833,1588,936,3.513568372381905,1
casear,45,84,59,3.073028403374351,1
hirttr,2672,3007,3432,3.3771011326839964,1
ocotwh,507,835,607,3.8249396069182744,1
guatdu,764,974,922,3.2559343269706766,1
anacex,1,2,1,4.342465753424658,1
tri2tu,7858,9273,9509,3.5540897640483347,1
guarsp,1078,1296,1234,3.374854851039696,1
guargu,1027,1218,1251,3.545848231327887,1
zantpr,118,138,149,3.2067471183044134,1
termob,30,35,33,3.4909422997094213,1
guazul,5,14,8,3.7299412915851264,1
tab1ro,151,193,187,3.2947393631698865,1
sloate,396,450,427,3.389816189549402,1
alchco,73,151,86,3.332751181989454,1
loncla,467,566,582,3.0957020471012764,1
luehse,42,80,79,3.0335629443384757,1
tripcu,108,162,129,3.700433809619327,1
cecrob,2,14,12,3.0565231572080886,1
licapl,208,226,262,3.84791550028271,1
eugeco,561,628,658,3.3687149283058284,1
heisco,428,477,530,3.400643864334741,1
eugene,389,428,449,3.393109511770136,1
pri2co,774,845,861,2.919497823276382,1
sponra,61,108,85,3.274422956397172,1
poutre,1160,1362,1413,3.3489744466571474,1
guapst,57,81,63,3.2767509845135416,1
cordbi,260,354,395,2.884928587453063,1
zantbe,15,78,101,3.001891864634302,1
annosp,12,30,42,3.2585127201565554,1
tab2ar,749,867,894,3.141970088307347,1
jac1co,27,59,35,3.0166081793757673,1
zantp1,114,179,132,3.2520915514678426,1
chr2ar,257,298,340,3.298665343493286,1
eugeoe,1438,1676,1760,3.2782831312768037,1
huracr,9,14,10,3.8194520547945223,1
sapiau,9,17,15,3.4672253558957817,1
apeime,29,62,34,3.1176028696940556,1
ficuyo,0,0,0,NA,1
ingago,284,349,317,3.3536243056612327,1
ceibpe,9,24,15,3.070593607305936,1
cavapl,1,1,1,2.506849315068493,1
chr2ca,38,43,53,3.262001478658629,1
lindla,8,16,10,3.4802739726027396,1
virose,1193,1419,1315,3.23422392250066,1
pla1pi,70,94,84,3.3649720336983515,1
lacmpa,27,30,30,3.0927853881278535,1
drypst,1455,1630,1635,3.7210941273558062,1
myrofr,7,9,7,3.8107414655359824,1
ingaco,55,82,69,3.134124551489707,1
posola,50,54,56,3.307880336304995,1
casesy,101,132,127,3.1215198582742536,1
pla2el,66,84,82,3.3550570378502207,1
cordal,26,41,41,3.1967256932843293,1
dio2ar,23,28,34,2.960204903879362,1
tratas,14,32,16,2.9804794520547944,1
colugl,0,0,0,NA,1
apeiti,2,10,4,3.2210958904109592,1
gar2in,3083,3307,3608,3.468123809722113,1
poutst,22,24,26,3.13162100456621,1
tab1gu,32,37,37,3.0876712328767124,1
ingafa,49,54,55,3.083670494903372,1
sch1zo,0,0,0,NA,1
sterap,18,36,22,3.2149785526497854,1
cassel,580,625,696,3.095851576129745,1
calolo,419,505,555,3.3385900589318473,1
hyeral,34,45,45,3.286027397260276,1
zuelgu,17,21,22,3.7515388720868175,1
cecrin,23,146,116,3.2221517267262425,1
hassfl,483,648,527,3.2486092378065137,1
sponmo,8,22,24,2.7442611041926095,1
ingama,448,752,652,3.496908107779483,1
allops,81,122,109,3.4404392873992804,1
virosp,22,27,23,3.5288597710277285,1
sympgl,96,112,116,3.5536557797422224,1
mar1la,9,10,14,4.045909980430528,1
ficutr,1,2,1,3.6561643835616437,1
aspicr,328,364,375,3.6613093281148075,1
dendar,25,41,30,2.903485911571444,1
andiin,187,220,208,3.5333523325989074,1
diptpa,15,21,17,3.249184605348988,1
ast2gr,14,22,15,3.364674138646741,1
hirtam,29,34,33,3.9223719874001937,1
ficuob,0,1,1,4.021917808219178,1
tropra,192,217,231,3.5294416292206825,1
protpa,2170,2405,2510,3.0986720483429533,1
ficuto,8,13,9,3.5775436131600507,1
unonpi,399,498,492,3.435411878050122,1
maquco,792,905,949,3.3946067803549806,1
gar2ma,496,542,561,3.2990966514309497,1
macrgl,59,62,69,3.897815519990778,1
cespma,3,4,3,3.6931506849315068,1
cordla,596,798,754,3.4149056646558047,1
cupala,28,39,31,3.439267140283489,1
zantse,0,0,0,NA,1
xyl1ma,518,608,657,3.6375169271304864,1
geniam,46,56,48,3.5378261578604047,1
ingasp,3,4,6,3.1732876712328766,1
hampap,3,23,8,3.22383859440143,1
sapisp,0,0,0,NA,1
nectci,219,282,275,2.7582661120090455,1
ficuma,4,4,4,2.9753424657534246,1
maytsc,40,49,46,3.6499398329909694,1
phoeci,38,59,56,3.2177468572755297,1
licahy,77,85,87,3.2518639954800976,1
tachve,2338,2684,2722,3.203398587969979,1
protco,500,633,587,3.303367394192221,1
celtsc,64,89,71,3.4927552694959982,1
nects1,6,8,8,3.93013698630137,1
ormocr,28,35,37,3.6796297667530538,1
apeihy,0,0,0,NA,1
ficupo,1,1,1,2.5315068493150683,1
turpoc,25,42,25,3.142640574037834,1
tremmi,0,6,2,2.958904109589041,1
ingasa,173,236,201,3.2295043819675695,1
ocotce,213,289,272,3.2912819358202565,1
guargr,31,35,36,3.0227571211132824,1
ingapu,4,5,9,3.754703196347032,1
nectgl,59,92,90,3.621596188207267,1
micoar,285,446,573,3.1853288645732194,1
ficuc2,3,7,4,3.245107632093933,1
ficuin,4,5,4,3.846027397260274,1
ormoma,55,65,71,3.1233612846732655,1
termam,20,27,25,3.0437422628107558,1
tri2pa,338,404,410,3.247482905657755,1
ficubu,0,0,0,NA,1
tet4jo,0,2,0,NA,1
pse1se,6,12,6,3.591324200913242,1
tocopi,1,2,3,3.1794520547945204,1
sch2mo,0,0,0,NA,1
pochse,8,12,10,3.538310502283103,1
ocotpu,162,236,208,3.0343090853887213,1
ingami,4,5,7,3.3412915851272005,1
ingaru,14,21,17,3.489183070488469,1
cuparu,40,47,64,3.3037170285631,1
poutfo,1,1,1,2.506849315068493,1
vochfe,12,19,12,2.988608507570295,1
ast1st,1,4,1,4.196575342465754,1
coccco,116,136,148,3.3278393623276763,1
cupaci,2,3,3,2.936986301369863,1
tri4ga,0,0,0,NA,1
laetpr,2,10,5,2.843561643835615,1
lafopu,3,3,3,2.808219178082192,1
entesc,7,7,7,3.2035225048923666,1
cedrod,0,3,0,NA,1
ingaqu,505,601,576,3.4902246414524747,1
pourbi,21,24,25,2.8738401826484017,1
pit1ma,0,0,0,NA,1
ingath,38,45,58,2.629386448328346,1
pochqu,0,0,0,NA,1
alchla,0,0,0,NA,1
sipagu,6,10,7,2.5938551859099803,1
ochrpy,0,2,2,2.7150684931506848,1
oenoma,11,36,21,3.0609589041095893,1
ery2ma,230,280,261,3.3666596561471356,1
nectpu,53,70,64,3.1044740704500993,1
socrex,74,164,93,2.999163639890929,1
perexa,184,214,212,2.670303369945141,1
chimpa,1,1,2,3.032876712328767,1
schipa,9,11,9,2.5834232738342346,1
elaeol,0,0,0,NA,1
maclti,1,1,1,2.6246575342465754,1
aegipa,34,64,38,5.25851658255227,2
beilpe,1724,2143,2208,5.2670371628622945,2
tet2pa,2611,3087,3374,5.256935179276159,2
alsebl,5365,6518,6721,5.277714575597307,2
ocotob,54,130,138,5.255382782791953,2
solaha,8,42,49,5.286506383375268,2
quaras,1042,1284,1218,5.297820523412415,2
gustsu,23,50,71,5.298498167084699,2
pterro,1096,1398,1464,5.257640356290518,2
virosu,34,53,40,5.246368570690103,2
simaam,427,763,784,5.2446756225425935,2
protte,1769,2209,2300,5.282922021046067,2
brosal,411,475,479,5.266617312864911,2
ingape,99,153,131,5.31334808244466,2
poular,477,936,530,5.340469113466012,2
casear,22,59,36,5.223014214586075,2
hirttr,2968,3432,3668,5.263465561243455,2
ocotwh,348,607,429,5.305896534765214,2
guatdu,688,922,870,5.266144583786314,2
anacex,0,1,0,NA,2
tri2tu,7750,9509,9822,5.296602025661958,2
guarsp,945,1234,1127,5.263263237613718,2
guargu,1021,1251,1339,5.2771938341579165,2
zantpr,86,149,97,5.271196101866324,2
termob,24,33,34,5.321644323981151,2
guazul,4,8,9,5.195912154816265,2
tab1ro,137,187,202,5.268184102858308,2
sloate,381,427,413,5.2356471057137535,2
alchco,19,86,46,5.200983420363729,2
loncla,449,582,634,5.24364776461528,2
luehse,37,79,105,5.261735490103793,2
tripcu,71,129,96,5.330526574280555,2
cecrob,0,12,16,5.254680365296803,2
licapl,222,262,280,5.2703451546884565,2
eugeco,511,658,630,5.282089816009951,2
heisco,443,530,533,5.224140730887797,2
eugene,381,449,446,5.284374638729361,2
pri2co,760,861,853,5.188353568960446,2
sponra,48,85,119,5.235634856682395,2
poutre,1096,1413,1436,5.275769620500034,2
guapst,37,63,42,5.248423570341376,2
cordbi,216,395,613,5.23168478130195,2
zantbe,2,101,46,5.22071011151145,2
annosp,19,42,100,5.262838878016961,2
tab2ar,710,894,954,5.258245785878268,2
jac1co,16,35,24,5.178349641226353,2
zantp1,73,132,123,5.145655519444362,2
chr2ar,289,340,533,5.2707399165171225,2
eugeoe,1380,1760,1841,5.286689618912783,2
huracr,9,10,10,5.299726027397258,2
sapiau,4,15,16,5.238344748858448,2
apeime,20,34,30,5.255686274509803,2
ficuyo,0,0,0,NA,2
ingago,245,317,325,5.266361576023908,2
ceibpe,7,15,13,5.2991640323147156,2
cavapl,1,1,2,5.482191780821918,2
chr2ca,47,53,81,5.3104927103376305,2
lindla,3,10,9,5.3244444444444445,2
virose,1044,1315,1117,5.259274709501385,2
pla1pi,47,84,79,5.233955097558356,2
lacmpa,20,30,29,5.245085813257754,2
drypst,1400,1635,1599,5.29674874243933,2
myrofr,7,7,7,5.270058708414874,2
ingaco,42,69,64,5.271054198927933,2
posola,47,56,50,5.254796477495108,2
casesy,85,127,113,5.238897198706024,2
pla2el,56,82,84,5.271720522488983,2
cordal,20,41,45,5.251468240709804,2
dio2ar,32,34,48,5.2667438893365555,2
tratas,5,16,7,5.165875733855187,2
colugl,0,0,0,NA,2
apeiti,1,4,5,5.015890410958904,2
gar2in,3250,3608,3790,5.2734890582222835,2
poutst,22,26,28,5.259001956947163,2
tab1gu,32,37,36,5.23429388292402,2
ingafa,44,55,67,5.227754874444711,2
sch1zo,0,0,0,NA,2
sterap,16,22,27,5.3084866934182005,2
cassel,606,696,759,5.267321227306646,2
calolo,456,555,722,5.239025257565081,2
hyeral,30,45,44,5.194409851944098,2
zuelgu,16,22,24,5.31873183893732,2
cecrin,9,116,83,5.256762240269533,2
hassfl,346,527,383,5.268848523315483,2
sponmo,6,24,48,5.24412100456621,2
ingama,308,652,561,5.26885921449083,2
allops,77,109,95,5.254469880872849,2
virosp,14,23,17,5.3016711628069935,2
sympgl,99,116,124,5.276312340957229,2
mar1la,10,14,10,5.226144814090018,2
ficutr,0,1,0,NA,2
aspicr,331,375,383,5.3156722724942504,2
dendar,18,30,19,5.199951934631099,2
andiin,166,208,200,5.298499473129609,2
diptpa,12,17,16,5.259760273972603,2
ast2gr,7,15,19,5.17414083153088,2
hirtam,26,33,32,5.291150373599002,2
ficuob,0,1,0,NA,2
tropra,191,231,241,5.274638648832933,2
protpa,2139,2510,2635,5.232653948164607,2
ficuto,4,9,4,5.378462709284627,2
unonpi,353,492,468,5.257336777266614,2
maquco,793,949,984,5.253056435042024,2
gar2ma,363,561,433,5.229410947005157,2
macrgl,56,69,71,5.297831539564967,2
cespma,2,3,3,5.49041095890411,2
cordla,533,754,796,5.257190680702671,2
cupala,23,31,35,5.299609873114074,2
zantse,0,0,0,NA,2
xyl1ma,553,657,730,5.29821188048623,2
geniam,43,48,45,5.277690258751902,2
ingasp,4,6,5,5.342191780821918,2
hampap,2,8,14,5.160812133072408,2
sapisp,0,0,0,NA,2
nectci,183,275,240,5.1671307596513065,2
ficuma,2,4,4,5.183561643835616,2
maytsc,41,46,50,5.306106015485407,2
phoeci,29,56,56,5.267025440313115,2
licahy,77,87,96,5.338694693749018,2
tachve,2145,2722,2792,5.25409962774336,2
protco,422,587,577,5.2721184409626725,2
celtsc,53,71,61,5.296438229647365,2
nects1,4,8,4,5.322945205479452,2
ormocr,29,37,46,5.299417285063501,2
apeihy,0,0,0,NA,2
ficupo,0,1,1,5.336986301369863,2
turpoc,0,25,1,5.3423561643835615,2
tremmi,0,2,2,4.921917808219178,2
ingasa,134,201,177,5.234225205525658,2
ocotce,171,272,269,5.267070041847773,2
guargr,32,36,38,5.272490587198591,2
ingapu,4,9,11,5.293067662930679,2
nectgl,49,90,97,5.259251518147153,2
micoar,228,573,740,5.2711972684152295,2
ficuc2,0,4,0,NA,2
ficuin,1,4,3,5.368949771689498,2
ormoma,66,71,97,5.2644796330589125,2
termam,19,25,21,5.244639269406393,2
tri2pa,324,410,409,5.265547075204819,2
ficubu,0,0,0,NA,2
tet4jo,0,0,1,NA,2
pse1se,1,6,10,5.071598173515982,2
tocopi,2,3,2,5.273972602739726,2
sch2mo,0,0,0,NA,2
pochse,9,10,9,5.259634703196349,2
ocotpu,120,208,176,5.2694918095603045,2
ingami,5,7,7,5.245401174168297,2
ingaru,11,17,11,5.350655629624205,2
cuparu,43,64,87,5.236981872933395,2
poutfo,1,1,1,5.1808219178082195,2
vochfe,7,12,12,5.169406392694063,2
ast1st,1,1,1,5.241095890410959,2
coccco,111,148,140,5.2500137515206005,2
cupaci,2,3,8,5.4103881278538815,2
tri4ga,0,0,0,NA,2
laetpr,2,5,8,5.193424657534248,2
lafopu,0,3,0,NA,2
entesc,6,7,7,5.129941291585126,2
cedrod,0,0,7,NA,2
ingaqu,449,576,539,5.271022797869667,2
pourbi,16,25,21,5.18155772994129,2
pit1ma,0,0,0,NA,2
ingath,34,58,65,5.1797412884706215,2
pochqu,0,0,0,NA,2
alchla,0,0,1,NA,2
sipagu,2,7,3,5.1629484670580545,2
ochrpy,0,2,1,5.6136986301369864,2
oenoma,4,21,22,5.199377334993773,2
ery2ma,191,261,257,5.280920087546088,2
nectpu,39,64,63,5.246236953685586,2
socrex,17,93,38,5.187610763541642,2
perexa,166,212,206,5.210575723889414,2
chimpa,1,2,1,5.528767123287671,2
schipa,5,9,8,5.254870624048705,2
elaeol,0,0,0,NA,2
maclti,0,1,0,NA,2
aegipa,21,38,24,4.7902847873107435,3
beilpe,1759,2208,2040,4.798375535741392,3
tet2pa,2893,3374,3363,4.792154280219459,3
alsebl,5695,6721,6386,4.773046318506348,3
ocotob,62,138,105,4.766682549136392,3
solaha,5,49,18,4.820495138694748,3
quaras,1029,1218,1163,4.759240129452768,3
gustsu,27,71,49,4.74662456145877,3
pterro,1142,1464,1350,4.783369754888507,3
virosu,28,40,28,4.7584148727984354,3
simaam,485,784,732,4.79540531797718,3
protte,1909,2300,2172,4.782484046783089,3
brosal,422,479,458,4.780205316478682,3
ingape,79,131,91,4.759887984022668,3
poular,317,530,336,4.789455870226094,3
casear,20,36,31,4.804384543624492,3
hirttr,3193,3668,3573,4.771546707465028,3
ocotwh,229,429,257,4.758429659106596,3
guatdu,609,870,703,4.779485131652301,3
anacex,0,0,1,NA,3
tri2tu,8359,9822,9528,4.76106473496763,3
guarsp,899,1127,995,4.779172758445265,3
guargu,1098,1339,1291,4.769356937915022,3
zantpr,64,97,71,4.762454177117499,3
termob,25,34,32,4.800392828364222,3
guazul,5,9,8,4.6668569254185694,3
tab1ro,141,202,157,4.785625725123776,3
sloate,360,413,373,4.790039604014983,3
alchco,14,46,21,4.76230182364786,3
loncla,489,634,580,4.801493304166809,3
luehse,46,105,76,4.805860541765374,3
tripcu,55,96,76,4.712648702235043,3
cecrob,2,16,17,4.725886381950038,3
licapl,242,280,269,4.774214674921246,3
eugeco,512,630,576,4.78829664057404,3
heisco,473,533,503,4.794235987350205,3
eugene,381,446,430,4.771689078667483,3
pri2co,772,853,811,4.802995305420723,3
sponra,62,119,118,4.76695763980076,3
poutre,1110,1436,1282,4.773507218153418,3
guapst,36,42,40,4.822658186562295,3
cordbi,319,613,489,4.826966802013742,3
zantbe,5,46,36,5.02420753093773,3
annosp,53,100,120,4.767529680365297,3
tab2ar,803,954,1002,4.792446192305661,3
jac1co,7,24,15,4.861415525114156,3
zantp1,65,123,76,4.827726097736823,3
chr2ar,461,533,550,4.777863555755971,3
eugeoe,1438,1841,1684,4.774244607843769,3
huracr,4,10,4,4.761643835616439,3
sapiau,6,16,10,4.739006849315064,3
apeime,11,30,15,4.7544292237442916,3
ficuyo,0,0,0,NA,3
ingago,250,325,274,4.7687010375885475,3
ceibpe,2,13,2,4.890516332982088,3
cavapl,1,2,2,5.126027397260274,3
chr2ca,66,81,98,4.798271881050749,3
lindla,4,9,7,4.880017395085887,3
virose,885,1117,900,4.787688685582849,3
pla1pi,52,79,95,4.753101585244539,3
lacmpa,21,29,28,4.7876408664552255,3
drypst,1387,1599,1520,4.758458765459485,3
myrofr,6,7,6,4.735942596216569,3
ingaco,34,64,40,4.875616438356164,3
posola,43,50,50,4.815123287671232,3
casesy,76,113,92,4.762347214682148,3
pla2el,51,84,67,4.798096114340238,3
cordal,20,45,32,4.860683028919331,3
dio2ar,42,48,54,4.852467021816337,3
tratas,2,7,3,4.903587736464447,3
colugl,0,0,0,NA,3
apeiti,0,5,2,4.986849315068493,3
gar2in,3419,3790,3752,4.769640437835813,3
poutst,24,28,32,4.74382338551859,3
tab1gu,30,36,35,4.803220265275063,3
ingafa,51,67,65,4.801811175943256,3
sch1zo,0,0,0,NA,3
sterap,17,27,24,4.838939624556063,3
cassel,700,759,788,4.783806138222741,3
calolo,598,722,835,4.763030785846062,3
hyeral,29,44,35,4.822828678171143,3
zuelgu,15,24,28,4.762018917155903,3
cecrin,2,83,74,4.757493654737424,3
hassfl,240,383,263,4.787170839647463,3
sponmo,20,48,48,4.80519406392694,3
ingama,267,561,372,4.740928271039266,3
allops,59,95,65,4.770785868781546,3
virosp,9,17,12,4.653639538006983,3
sympgl,103,124,120,4.78303579319487,3
mar1la,9,10,11,4.7800996264009985,3
ficutr,0,0,1,NA,3
aspicr,330,383,366,4.741401939647379,3
dendar,10,19,11,4.865137314019796,3
andiin,182,200,197,4.7568862387872874,3
diptpa,11,16,13,4.812947839831399,3
ast2gr,15,19,28,4.738546709238856,3
hirtam,25,32,26,4.767169388830344,3
ficuob,0,0,1,NA,3
tropra,205,241,237,4.78167894259824,3
protpa,2278,2635,2571,4.8112625264080044,3
ficuto,2,4,2,4.977397260273973,3
unonpi,335,468,386,4.788129673813538,3
maquco,854,984,954,4.790549332089344,3
gar2ma,302,433,330,4.766412557988372,3
macrgl,58,71,63,4.766621035191358,3
cespma,2,3,2,4.786301369863014,3
cordla,570,796,757,4.771118144785557,3
cupala,20,35,27,4.764772051895337,3
zantse,0,0,0,NA,3
xyl1ma,622,730,756,4.747829546029958,3
geniam,36,45,37,4.7903755810605135,3
ingasp,3,5,3,4.908493150684931,3
hampap,3,14,8,4.79055772994129,3
sapisp,0,0,0,NA,3
nectci,143,240,175,4.829639921722112,3
ficuma,1,4,1,4.971232876712329,3
maytsc,43,50,48,4.750413242009133,3
phoeci,28,56,43,4.7562372002002435,3
licahy,91,96,103,4.740721283858667,3
tachve,2250,2792,2629,4.786975808533998,3
protco,456,577,526,4.780797210787714,3
celtsc,47,61,48,4.780288569503704,3
nects1,1,4,1,4.726027397260274,3
ormocr,46,46,58,4.800433344971353,3
apeihy,0,0,0,NA,3
ficupo,0,1,0,NA,3
turpoc,1,1,4,4.925342465753425,3
tremmi,0,2,6,4.936986301369863,3
ingasa,127,177,142,4.779967865392184,3
ocotce,182,269,236,4.781296160913803,3
guargr,30,38,39,4.818072578707041,3
ingapu,7,11,8,4.667434620174345,3
nectgl,60,97,93,4.805299962188684,3
micoar,269,740,611,4.814558449892171,3
ficuc2,0,0,1,NA,3
ficuin,2,3,5,4.657899543378991,3
ormoma,94,97,107,4.792349937373542,3
termam,13,21,14,4.7791258969341195,3
tri2pa,327,409,382,4.78177031283674,3
ficubu,0,0,1,NA,3
tet4jo,0,1,0,NA,3
pse1se,3,10,4,4.631369863013699,3
tocopi,2,2,2,4.8054794520547945,3
sch2mo,0,0,0,NA,3
pochse,7,9,8,4.762899543378995,3
ocotpu,99,176,126,4.818511435292261,3
ingami,3,7,4,4.800293542074366,3
ingaru,7,11,8,4.707503113325029,3
cuparu,74,87,99,4.783761087492781,3
poutfo,1,1,1,4.923287671232877,3
vochfe,6,12,8,4.8220319634703195,3
ast1st,0,1,0,NA,3
coccco,84,140,103,4.767400870176509,3
cupaci,5,8,6,4.776369863013699,3
tri4ga,0,0,0,NA,3
laetpr,3,8,6,4.905479452054794,3
lafopu,0,0,0,NA,3
entesc,6,7,6,4.874494455316375,3
cedrod,2,7,3,4.8337899543379,3
ingaqu,432,539,469,4.766952666459049,3
pourbi,17,21,26,4.832440162577151,3
pit1ma,0,0,0,NA,3
ingath,33,65,62,4.861142798871479,3
pochqu,0,0,0,NA,3
alchla,1,1,1,4.906849315068493,3
sipagu,1,3,2,4.797716894977169,3
ochrpy,0,1,0,NA,3
oenoma,8,22,22,4.825280199252802,3
ery2ma,182,257,230,4.771858272132521,3
nectpu,51,63,68,4.796112965734238,3
socrex,12,38,38,4.836842105263157,3
perexa,166,206,183,4.815253234610755,3
chimpa,1,1,1,4.835616438356165,3
schipa,6,8,8,4.885616438356164,3
elaeol,0,0,0,NA,3
maclti,0,0,0,NA,3
aegipa,12,24,18,4.993645357686449,4
beilpe,1569,2040,1772,4.995502937932654,4
tet2pa,2848,3363,3415,5.001397707577596,4
alsebl,5264,6386,6002,4.993508350790217,4
ocotob,46,105,87,5.0702188631711556,4
solaha,2,18,26,4.998618428755413,4
quaras,969,1163,1084,4.994073624448655,4
gustsu,20,49,39,4.973298065274583,4
pterro,1032,1350,1204,5.001945040293556,4
virosu,20,28,22,5.02116171499733,4
simaam,400,732,763,4.994576773263238,4
protte,1788,2172,2068,4.997193920783037,4
brosal,406,458,434,4.989476288521107,4
ingape,59,91,73,4.986046904868448,4
poular,193,336,206,4.963641315017828,4
casear,17,31,29,4.9521629816996064,4
hirttr,2973,3573,3213,4.993429214003749,4
ocotwh,128,257,158,4.988870529289481,4
guatdu,464,703,566,4.995912960966042,4
anacex,0,1,2,5.387671232876713,4
tri2tu,7895,9528,8904,4.98712110558664,4
guarsp,749,995,819,4.994106232905708,4
guargu,1034,1291,1202,4.995140662234313,4
zantpr,46,71,52,5.0183150536517305,4
termob,26,32,27,4.976832825976662,4
guazul,5,8,21,5.159670580560989,4
tab1ro,122,157,142,5.001821240680271,4
sloate,324,373,333,5.001732034285564,4
alchco,5,21,51,5.107125589962011,4
loncla,427,580,492,5.005624003901825,4
luehse,36,76,92,5.035665026174726,4
tripcu,39,76,56,4.973004428880419,4
cecrob,1,17,43,5.16110788373967,4
licapl,216,269,245,4.993771067320854,4
eugeco,431,576,471,4.994224677408409,4
heisco,427,503,461,5.001338936930816,4
eugene,372,430,414,4.992106843466866,4
pri2co,705,811,744,5.013918472418301,4
sponra,52,118,169,5.169586458263208,4
poutre,936,1282,1058,4.994037993904455,4
guapst,26,40,29,4.95733821445442,4
cordbi,211,489,307,5.015657133753059,4
zantbe,10,36,78,4.784591968153611,4
annosp,21,120,85,5.099719312382486,4
tab2ar,805,1002,974,5.000748731784553,4
jac1co,5,15,15,5.007488584474886,4
zantp1,25,76,41,4.999737985123182,4
chr2ar,454,550,512,4.9936037320983795,4
eugeoe,1226,1684,1424,5.001156563398346,4
huracr,2,4,3,4.998630136986302,4
sapiau,3,10,15,5.086210045662105,4
apeime,6,15,13,5.078665261678961,4
ficuyo,0,0,1,NA,4
ingago,201,274,235,5.009376849549089,4
ceibpe,1,2,9,4.874733637747337,4
cavapl,1,2,2,4.920547945205479,4
chr2ca,78,98,105,5.0083440499487395,4
lindla,4,7,6,5.0166340508806275,4
virose,673,900,691,4.98978542557386,4
pla1pi,57,95,82,4.965841349112843,4
lacmpa,20,28,24,4.97793542074364,4
drypst,1305,1520,1448,4.998410198090397,4
myrofr,4,6,5,4.917990867579909,4
ingaco,27,40,36,4.9845814307458145,4
posola,40,50,41,4.992030738389576,4
casesy,57,92,70,5.002412150089339,4
pla2el,37,67,50,4.962664485790222,4
cordal,17,32,28,4.948960371819964,4
dio2ar,45,54,57,5.01536222596064,4
tratas,1,3,8,4.900228310502283,4
colugl,0,0,2,NA,4
apeiti,1,2,6,5.004566210045662,4
gar2in,3401,3752,3808,4.991071815150101,4
poutst,32,32,34,5.003379331184528,4
tab1gu,28,35,28,5.01704500978473,4
ingafa,43,65,46,5.023780638658542,4
sch1zo,0,0,0,NA,4
sterap,14,24,19,4.963794760874792,4
cassel,696,788,784,5.003509378161945,4
calolo,680,835,974,4.980797023151526,4
hyeral,18,35,26,5.056862863164235,4
zuelgu,18,28,23,4.970058708414873,4
cecrin,10,74,330,5.148931147835256,4
hassfl,161,263,183,4.997056142211414,4
sponmo,21,48,40,5.037625570776256,4
ingama,167,372,242,5.01415549460783,4
allops,41,65,57,4.990704157654406,4
virosp,5,12,7,4.9795825179386854,4
sympgl,88,120,112,4.994432485322898,4
mar1la,9,11,13,4.999731775074237,4
ficutr,0,1,1,4.50958904109589,4
aspicr,328,366,368,4.973640836498434,4
dendar,6,11,9,4.978137539781373,4
andiin,169,197,184,4.989304350849402,4
diptpa,8,13,8,4.960168598524765,4
ast2gr,22,28,31,5.020469036045699,4
hirtam,17,26,20,5.062813487881985,4
ficuob,0,1,0,NA,4
tropra,191,237,217,4.987096028385452,4
protpa,2200,2571,2464,5.002471058376893,4
ficuto,0,2,0,NA,4
unonpi,281,386,329,4.999435330889329,4
maquco,843,954,920,4.986675375803953,4
gar2ma,299,330,336,4.979747968926055,4
macrgl,44,63,49,5.014102444630821,4
cespma,1,2,1,5.005479452054795,4
cordla,515,757,647,4.9837057513247505,4
cupala,19,27,25,5.031204464738711,4
zantse,0,0,0,NA,4
xyl1ma,629,756,801,4.982121296520246,4
geniam,33,37,36,5.007523962318481,4
ingasp,3,3,4,4.955479452054795,4
hampap,1,8,15,5.261575342465753,4
sapisp,0,0,1,NA,4
nectci,99,175,128,5.010334393346381,4
ficuma,1,1,1,4.991780821917808,4
maytsc,39,48,40,5.023436073059365,4
phoeci,18,43,35,5.030612114868246,4
licahy,92,103,97,4.995274102856958,4
tachve,1849,2629,2172,5.006979928525922,4
protco,409,526,483,4.992349638206872,4
celtsc,37,48,37,4.984663087745277,4
nects1,1,1,1,4.980821917808219,4
ormocr,55,58,67,4.998699934432704,4
apeihy,0,0,0,NA,4
ficupo,0,0,0,NA,4
turpoc,1,4,6,4.925342465753425,4
tremmi,0,6,5,4.913972602739726,4
ingasa,98,142,110,4.996270675109186,4
ocotce,122,236,167,5.0069454543432315,4
guargr,31,39,39,5.022760800842992,4
ingapu,6,8,10,4.957123287671233,4
nectgl,48,93,83,5.030949427404711,4
micoar,188,611,435,5.00818191446841,4
ficuc2,1,1,4,5.010958904109589,4
ficuin,2,5,13,4.954394099051637,4
ormoma,83,107,98,4.984122600518889,4
termam,8,14,8,5.030919765166337,4
tri2pa,301,382,324,4.985269965990274,4
ficubu,1,1,1,5.005479452054795,4
tet4jo,0,0,0,NA,4
pse1se,2,4,5,5.162328767123288,4
tocopi,2,2,2,4.991780821917808,4
sch2mo,0,0,0,NA,4
pochse,4,8,4,4.9811643835616435,4
ocotpu,64,126,92,5.0341619633757775,4
ingami,0,4,1,4.736301369863014,4
ingaru,3,8,4,4.905821917808219,4
cuparu,64,99,84,5.018080017395087,4
poutfo,1,1,1,4.950684931506849,4
vochfe,2,8,7,5.063747553816046,4
ast1st,0,0,1,NA,4
coccco,67,103,74,5.018127770009666,4
cupaci,2,6,3,4.943835616438356,4
tri4ga,0,0,3,NA,4
laetpr,3,6,4,5.21986301369863,4
lafopu,0,0,0,NA,4
entesc,5,6,5,5.052237442922374,4
cedrod,0,3,3,4.909589041095891,4
ingaqu,353,469,384,4.981656860633233,4
pourbi,19,26,36,4.964026460601802,4
pit1ma,0,0,0,NA,4
ingath,29,62,61,4.962446484066557,4
pochqu,0,0,0,NA,4
alchla,0,1,0,NA,4
sipagu,2,2,5,5.047397260273969,4
ochrpy,0,0,2,NA,4
oenoma,5,22,32,5.044520547945205,4
ery2ma,166,230,210,5.004524802178171,4
nectpu,45,68,53,4.967182582518659,4
socrex,25,38,42,4.974109932365158,4
perexa,153,183,163,4.9814188362249325,4
chimpa,0,1,0,NA,4
schipa,4,8,6,4.949315068493151,4
elaeol,0,0,0,NA,4
maclti,0,0,0,NA,4
aegipa,7,18,10,5.118203957382043,5
beilpe,1373,1772,1577,5.048163062427414,5
tet2pa,2843,3415,3642,5.037949180114608,5
alsebl,4890,6002,5831,5.049441161299708,5
ocotob,37,87,108,5.075372207351422,5
solaha,9,26,45,4.980681419037585,5
quaras,922,1084,1032,5.053840271597999,5
gustsu,20,39,54,5.0549389220622105,5
pterro,959,1204,1143,5.043891526939193,5
virosu,14,22,15,5.012021585720217,5
simaam,453,763,1037,5.060700788019523,5
protte,1662,2068,2006,5.045627692582676,5
brosal,383,434,415,5.0466945238184016,5
ingape,53,73,78,5.044290793962403,5
poular,110,206,131,5.023146552905663,5
casear,14,29,31,5.00541545400521,5
hirttr,2682,3213,2939,5.044847343444965,5
ocotwh,85,158,141,5.046070144758573,5
guatdu,357,566,471,5.054648853195895,5
anacex,2,2,4,4.973287671232876,5
tri2tu,7447,8904,8439,5.053333815868182,5
guarsp,567,819,632,5.048484922106384,5
guargu,934,1202,1149,5.047175176899647,5
zantpr,35,52,42,5.094638466556273,5
termob,22,27,23,5.090640372355681,5
guazul,11,21,19,5.037463521818248,5
tab1ro,99,142,132,5.030377282374197,5
sloate,290,333,303,5.029294776941592,5
alchco,22,51,60,5.045170561375238,5
loncla,360,492,423,5.04204854668774,5
luehse,25,92,64,5.104982504466943,5
tripcu,31,56,56,5.076614481409002,5
cecrob,6,43,86,5.029021981522777,5
licapl,205,245,234,5.041736689055672,5
eugeco,378,471,432,5.051028366731621,5
heisco,387,461,410,5.035577765328064,5
eugene,349,414,387,5.040401032360536,5
pri2co,647,744,699,5.011924822216199,5
sponra,96,169,172,5.039118948295069,5
poutre,746,1058,863,5.050674666393572,5
guapst,23,29,34,5.120667426157998,5
cordbi,148,307,230,5.065935400511784,5
zantbe,11,78,39,5.110642781875657,5
annosp,31,85,93,5.046338280782928,5
tab2ar,789,974,1010,5.042061381069893,5
jac1co,6,15,46,5.151236847329758,5
zantp1,25,41,91,5.174622837903826,5
chr2ar,428,512,513,5.045737859739243,5
eugeoe,1080,1424,1345,5.073309949172996,5
huracr,2,3,5,4.923835616438356,5
sapiau,3,15,26,5.045423252546541,5
apeime,6,13,58,4.9854947131281575,5
ficuyo,1,1,2,4.832876712328767,5
ingago,171,235,209,5.024808535740135,5
ceibpe,1,9,19,5.1038532404069485,5
cavapl,1,2,6,5.012328767123288,5
chr2ca,83,105,119,5.039229500019187,5
lindla,1,6,1,5.16027397260274,5
virose,521,691,542,5.047986039264078,5
pla1pi,49,82,96,5.047346586479565,5
lacmpa,17,24,22,5.1194582814445795,5
drypst,1241,1448,1426,5.0418489605364485,5
myrofr,3,5,3,5.089315068493151,5
ingaco,24,36,38,5.0458583673796396,5
posola,37,41,41,5.014700968927501,5
casesy,45,70,62,5.075033141847109,5
pla2el,36,50,55,5.027726027397264,5
cordal,12,28,74,5.028235574125979,5
dio2ar,47,57,61,5.019899062725306,5
tratas,2,8,11,5.223225404732251,5
colugl,0,2,0,NA,5
apeiti,1,6,11,5.076131174761312,5
gar2in,3417,3808,3923,5.035239507565068,5
poutst,24,34,28,4.986554621848739,5
tab1gu,24,28,30,5.034696673189828,5
ingafa,33,46,35,5.011631072917553,5
sch1zo,0,0,0,NA,5
sterap,13,19,15,5.057072819033884,5
cassel,695,784,819,5.0495677512311605,5
calolo,803,974,1279,5.004161683039718,5
hyeral,16,26,33,5.104700322508537,5
zuelgu,16,23,23,4.967361524717093,5
cecrin,40,330,586,5.08065187854987,5
hassfl,118,183,161,5.057596549003413,5
sponmo,19,40,50,5.077684931506849,5
ingama,112,242,261,5.100163137797873,5
allops,33,57,45,5.072613954978771,5
virosp,5,7,6,4.984801043705151,5
sympgl,87,112,108,5.037317895194609,5
mar1la,10,13,12,5.0135932560590115,5
ficutr,0,1,0,NA,5
aspicr,319,368,356,5.049914759989561,5
dendar,7,9,8,5.015791476407915,5
andiin,161,184,175,5.050284948523779,5
diptpa,8,8,15,5.095159817351599,5
ast2gr,25,31,51,5.034611352274006,5
hirtam,15,20,16,5.002123287671233,5
ficuob,0,0,0,NA,5
tropra,170,217,193,5.063117188197607,5
protpa,2108,2464,2417,5.032985385203267,5
ficuto,0,0,3,NA,5
unonpi,229,329,309,5.058759349667769,5
maquco,786,920,837,5.049319526543008,5
gar2ma,310,336,352,5.059288456976815,5
macrgl,42,49,50,5.023067374895164,5
cespma,1,1,1,4.991780821917808,5
cordla,452,647,615,5.0328249618334935,5
cupala,16,25,26,5.067991570073765,5
zantse,0,0,0,NA,5
xyl1ma,672,801,934,5.0413185118730715,5
geniam,30,36,32,5.041904490106545,5
ingasp,2,4,8,5.0479452054794525,5
hampap,5,15,119,4.940292390928973,5
sapisp,0,1,0,NA,5
nectci,84,128,120,5.03214897260274,5
ficuma,1,1,2,5.076712328767123,5
maytsc,33,40,38,5.046297764960342,5
phoeci,14,35,38,5.093498815531978,5
licahy,82,97,97,5.034401920632681,5
tachve,1536,2172,1907,5.046014240899575,5
protco,349,483,420,5.058197339686319,5
celtsc,31,37,36,5.05266567937801,5
nects1,0,1,0,NA,5
ormocr,66,67,86,5.043934992130772,5
apeihy,0,0,0,NA,5
ficupo,0,0,0,NA,5
turpoc,2,6,19,5.095818312905552,5
tremmi,0,5,14,5.261369863013699,5
ingasa,63,110,80,5.073072851805726,5
ocotce,103,167,182,5.042718777408305,5
guargr,26,39,31,5.040753707921184,5
ingapu,4,10,20,5.031780821917808,5
nectgl,38,83,95,5.024700966808837,5
micoar,121,435,387,5.044483747294879,5
ficuc2,2,4,2,5.031506849315068,5
ficuin,9,13,13,5.021917808219178,5
ormoma,84,98,100,5.037151244059269,5
termam,4,8,11,5.058032378580321,5
tri2pa,235,324,281,5.053584056602471,5
ficubu,0,1,3,5.1662100456621,5
tet4jo,0,0,0,NA,5
pse1se,3,5,23,5.168314472900534,5
tocopi,2,2,2,5.010958904109589,5
sch2mo,0,0,0,NA,5
pochse,4,4,5,5.111643835616438,5
ocotpu,47,92,93,5.052377887503443,5
ingami,0,1,0,NA,5
ingaru,2,4,4,5.280821917808219,5
cuparu,57,84,78,5.0086030407948225,5
poutfo,1,1,1,5.019178082191781,5
vochfe,4,7,9,5.181952598390956,5
ast1st,1,1,1,5.010958904109589,5
coccco,50,74,77,5.048303418166433,5
cupaci,3,3,7,5.084148727984347,5
tri4ga,0,3,0,NA,5
laetpr,2,4,2,5.103424657534247,5
lafopu,0,0,0,NA,5
entesc,3,5,4,4.95917808219178,5
cedrod,0,3,6,5.094063926940639,5
ingaqu,304,384,337,5.044355221840571,5
pourbi,23,36,76,5.009388768725471,5
pit1ma,0,0,2,NA,5
ingath,35,61,102,5.042795559724002,5
pochqu,0,0,0,NA,5
alchla,0,0,0,NA,5
sipagu,4,5,4,5.012876712328771,5
ochrpy,0,2,1,5.238356164383561,5
oenoma,11,32,28,4.997358121330721,5
ery2ma,147,210,208,5.04792789402378,5
nectpu,35,53,48,5.036900146463343,5
socrex,13,42,28,5.092498369210697,5
perexa,140,163,149,5.0505986911087755,5
chimpa,0,0,0,NA,5
schipa,5,6,8,5.048972602739726,5
elaeol,0,0,0,NA,5
maclti,0,0,0,NA,5
aegipa,3,10,12,4.852191780821918,6
beilpe,1250,1577,1461,4.981216786092539,6
tet2pa,3050,3642,3783,4.9650198716491625,6
alsebl,4820,5831,5989,4.972147029155927,6
ocotob,50,108,172,4.9789199202388135,6
solaha,8,45,42,4.965949119373778,6
quaras,885,1032,1060,4.97975722348783,6
gustsu,18,54,42,4.986468072769441,6
pterro,845,1143,978,4.978359577479065,6
virosu,10,15,18,4.981156773211568,6
simaam,610,1037,1139,4.9941533531271025,6
protte,1644,2006,2092,4.965620820035507,6
brosal,356,415,389,4.980739947499962,6
ingape,55,78,98,4.958778664258117,6
poular,69,131,117,4.896573063382645,6
casear,16,31,50,5.02877065841803,6
hirttr,2466,2939,2729,4.9707492150585475,6
ocotwh,87,141,183,4.995938987661518,6
guatdu,323,471,499,4.997431957828355,6
anacex,1,4,5,4.795205479452055,6
tri2tu,7141,8439,8087,4.9646062076924675,6
guarsp,469,632,552,4.974009607386356,6
guargu,924,1149,1264,4.962389538373176,6
zantpr,30,42,42,4.985127201565558,6
termob,19,23,27,4.944570180663091,6
guazul,8,19,23,4.911457321087111,6
tab1ro,95,132,136,4.99532268698264,6
sloate,276,303,291,4.973427985363143,6
alchco,22,60,154,5.009573029710013,6
loncla,307,423,425,4.983689810131768,6
luehse,21,64,88,4.971104452054795,6
tripcu,30,56,52,4.950963420141497,6
cecrob,3,86,87,5.007676871981341,6
licapl,192,234,218,4.945737720590053,6
eugeco,356,432,427,4.983985559939968,6
heisco,329,410,348,4.957060420675062,6
eugene,326,387,404,4.973989179739888,6
pri2co,609,699,654,4.988606697335801,6
sponra,78,172,174,4.931806564064255,6
poutre,635,863,747,4.960951727140099,6
guapst,22,34,28,5.029734085414984,6
cordbi,110,230,250,4.983600238237048,6
zantbe,8,39,72,5.026911368692189,6
annosp,25,93,120,4.881545146560613,6
tab2ar,791,1010,1090,4.981981716080366,6
jac1co,14,46,82,4.998107177617343,6
zantp1,45,91,144,4.945060590094839,6
chr2ar,431,513,541,4.962868125419518,6
eugeoe,1012,1345,1396,4.985541028112975,6
huracr,1,5,3,4.94648401826484,6
sapiau,7,26,21,5.025600883135135,6
apeime,26,58,76,5.016044303010716,6
ficuyo,0,2,0,NA,6
ingago,154,209,186,4.981761729676702,6
ceibpe,3,19,16,4.920043258832016,6
cavapl,2,6,15,4.8821004566210044,6
chr2ca,99,119,142,4.9472931059361835,6
lindla,0,1,4,4.63972602739726,6
virose,414,542,456,4.9787004569757265,6
pla1pi,58,96,117,4.9745258166491,6
lacmpa,16,22,22,4.978206724782074,6
drypst,1220,1426,1372,4.96226402100241,6
myrofr,3,3,11,4.804981320049816,6
ingaco,22,38,40,4.994080749819752,6
posola,37,41,41,4.968459739391912,6
casesy,44,62,70,5.0011312417145355,6
pla2el,40,55,54,4.930999492643328,6
cordal,32,74,103,4.986864268178272,6
dio2ar,50,61,72,5.018302891933029,6
tratas,4,11,15,5.008601079286014,6
colugl,0,0,2,NA,6
apeiti,4,11,18,5.00271205202712,6
gar2in,3505,3923,4076,4.9663160623688265,6
poutst,23,28,25,5.014309197651666,6
tab1gu,26,30,28,4.983405088062624,6
ingafa,29,35,33,4.9897171321828875,6
sch1zo,0,0,0,NA,6
sterap,10,15,17,4.969637389202255,6
cassel,716,819,830,4.974222562385627,6
calolo,1069,1279,1667,4.959853473198816,6
hyeral,20,33,63,4.909565320524232,6
zuelgu,12,23,20,4.976885050625373,6
cecrin,20,586,330,4.891651981973167,6
hassfl,90,161,137,4.951070234591453,6
sponmo,26,50,57,4.97756981494833,6
ingama,148,261,621,4.933929990864531,6
allops,30,45,53,4.955570489072682,6
virosp,5,6,6,4.9940639269406395,6
sympgl,87,108,112,4.961679169384652,6
mar1la,10,12,14,4.98375733855186,6
ficutr,0,0,0,NA,6
aspicr,305,356,350,4.9689962839992114,6
dendar,6,8,9,5.016476407914764,6
andiin,139,175,152,4.963662890101971,6
diptpa,12,15,17,4.98284179425195,6
ast2gr,44,51,67,4.967773541639105,6
hirtam,13,16,13,4.923893572181244,6
ficuob,0,0,1,NA,6
tropra,146,193,169,4.957869772087093,6
protpa,2075,2417,2556,4.975342185033428,6
ficuto,1,3,3,4.7936073059360735,6
unonpi,234,309,349,4.975544742240383,6
maquco,693,837,727,4.9606103336197105,6
gar2ma,308,352,344,4.976082604477395,6
macrgl,35,50,42,4.958481409001953,6
cespma,1,1,1,4.93972602739726,6
cordla,453,615,640,4.978606261833164,6
cupala,22,26,41,4.976568403197206,6
zantse,0,0,0,NA,6
xyl1ma,802,934,1135,4.958006943582068,6
geniam,26,32,33,4.97833904109589,6
ingasp,6,8,10,4.925890410958904,6
hampap,34,119,135,5.009377827234396,6
sapisp,0,0,0,NA,6
nectci,78,120,123,4.997569328433008,6
ficuma,1,2,1,4.936986301369863,6
maytsc,32,38,35,4.928486970851789,6
phoeci,14,38,50,4.911714491708729,6
licahy,86,97,112,4.958704127746282,6
tachve,1336,1907,1770,4.9930884447365935,6
protco,302,420,408,4.980890219101343,6
celtsc,22,36,22,4.963823163138231,6
nects1,0,0,0,NA,6
ormocr,81,86,90,4.96184205868819,6
apeihy,0,0,0,NA,6
ficupo,0,0,0,NA,6
turpoc,7,19,40,4.9263049747656815,6
tremmi,0,14,0,NA,6
ingasa,46,80,74,4.982820251758611,6
ocotce,125,182,219,4.976206629424872,6
guargr,24,31,37,4.99769738806416,6
ingapu,12,20,41,5.129154694286671,6
nectgl,56,95,187,4.99429230170144,6
micoar,129,387,563,4.908842913056784,6
ficuc2,1,2,3,4.988584474885845,6
ficuin,6,13,10,4.90286617492097,6
ormoma,82,100,94,4.9847362285048105,6
termam,6,11,13,4.847973943864359,6
tri2pa,211,281,273,4.971470535347104,6
ficubu,0,3,0,NA,6
tet4jo,0,0,1,NA,6
pse1se,7,23,28,4.948319577980093,6
tocopi,1,2,1,5.013698630136986,6
sch2mo,0,0,0,NA,6
pochse,4,5,8,4.921232876712328,6
ocotpu,56,93,118,4.943771454820984,6
ingami,0,0,2,NA,6
ingaru,3,4,3,5.093150684931507,6
cuparu,56,78,91,4.9589693411611275,6
poutfo,1,1,1,5.021917808219178,6
vochfe,8,9,19,4.88586077064808,6
ast1st,1,1,1,5,6
coccco,57,77,105,4.9425867283401574,6
cupaci,7,7,8,5.0028375733855155,6
tri4ga,0,0,1,NA,6
laetpr,1,2,11,4.625031133250309,6
lafopu,0,0,0,NA,6
entesc,2,4,3,4.967579908675799,6
cedrod,2,6,8,4.905022831050228,6
ingaqu,241,337,278,4.962812999062161,6
pourbi,48,76,95,5.031355443403027,6
pit1ma,2,2,16,5.038698630136986,6
ingath,36,102,146,5.039022146670642,6
pochqu,0,0,0,NA,6
alchla,0,0,0,NA,6
sipagu,4,4,7,4.994324853228962,6
ochrpy,0,1,0,NA,6
oenoma,10,28,24,4.993509458577956,6
ery2ma,168,208,259,4.9689727247946465,6
nectpu,36,48,60,4.966529680365297,6
socrex,12,28,24,4.943395303326813,6
perexa,121,149,128,4.990347895789281,6
chimpa,0,0,0,NA,6
schipa,7,8,9,4.987861491628615,6
elaeol,0,0,0,NA,6
maclti,0,0,0,NA,6
aegipa,2,12,4,5.251369863013698,7
beilpe,1129,1461,1370,5.153533322916848,7
tet2pa,3141,3783,4343,5.160119670036585,7
alsebl,4981,5989,6089,5.153869251771801,7
ocotob,83,172,215,5.182045237336733,7
solaha,8,42,107,5.049832043942908,7
quaras,896,1060,1133,5.183441292350975,7
gustsu,20,42,52,5.123837121782328,7
pterro,687,978,774,5.152043610813063,7
virosu,14,18,20,5.224231354642321,7
simaam,679,1139,1380,5.145048690611347,7
protte,1654,2092,2210,5.180886024026611,7
brosal,331,389,362,5.145783219260773,7
ingape,62,98,96,5.199567840834965,7
poular,71,117,151,5.121997129544987,7
casear,21,50,39,5.13914576747454,7
hirttr,2208,2729,2420,5.153130386039864,7
ocotwh,104,183,186,5.17702165267344,7
guatdu,340,499,540,5.1689965420440105,7
anacex,2,5,4,5.0842465753424655,7
tri2tu,6773,8087,7758,5.161368924469285,7
guarsp,387,552,468,5.145433280900824,7
guargu,1029,1264,1352,5.154004176486708,7
zantpr,28,42,35,5.096960208741036,7
termob,17,27,20,5.19470319634704,7
guazul,7,23,25,5.091778439547343,7
tab1ro,96,136,151,5.154548244045879,7
sloate,248,291,263,5.163417804012916,7
alchco,60,154,111,5.120481271166205,7
loncla,313,425,382,5.137470794959314,7
luehse,45,88,74,5.17593483894854,7
tripcu,27,52,64,5.085613145416231,7
cecrob,3,87,92,5.058960245904442,7
licapl,186,218,203,5.200432620903862,7
eugeco,339,427,399,5.17277248814829,7
heisco,267,348,291,5.170656784303793,7
eugene,348,404,424,5.140333355511833,7
pri2co,551,654,605,5.122624734670619,7
sponra,71,174,134,5.10647471193865,7
poutre,546,747,671,5.160190100649902,7
guapst,21,28,32,5.142208904109589,7
cordbi,135,250,316,5.123266793826943,7
zantbe,7,72,68,4.988118900528245,7
annosp,23,120,67,5.13750630409596,7
tab2ar,851,1090,1119,5.140111989342186,7
jac1co,33,82,58,5.068155581414102,7
zantp1,64,144,81,5.130439286318279,7
chr2ar,453,541,557,5.153078919833124,7
eugeoe,1087,1396,1591,5.172738110343025,7
huracr,2,3,7,5.187997390737113,7
sapiau,9,21,13,5.168076672186257,7
apeime,25,76,47,5.133362223688046,7
ficuyo,0,0,0,NA,7
ingago,144,186,190,5.145783659325071,7
ceibpe,0,16,21,5.075864318330077,7
cavapl,12,15,16,5.217214611872146,7
chr2ca,119,142,152,5.153205824710342,7
lindla,0,4,2,5.027397260273973,7
virose,332,456,376,5.121683361712353,7
pla1pi,70,117,131,5.144206972921813,7
lacmpa,16,22,25,5.199417185554169,7
drypst,1167,1372,1407,5.197465019246593,7
myrofr,4,11,6,5.139767538397673,7
ingaco,24,40,43,5.154561962408411,7
posola,38,41,43,5.163388992921463,7
casesy,58,70,80,5.146369863013691,7
pla2el,36,54,43,5.147305700093206,7
cordal,46,103,124,5.081705914908039,7
dio2ar,54,72,84,5.142949554250922,7
tratas,4,15,12,5.181415525114155,7
colugl,0,2,1,4.9082191780821915,7
apeiti,6,18,12,5.197412480974125,7
gar2in,3625,4076,4307,5.15504894131856,7
poutst,22,25,23,5.106749255509228,7
tab1gu,24,28,30,5.119973907371166,7
ingafa,17,33,21,5.188104133309612,7
sch1zo,0,0,0,NA,7
sterap,8,17,14,5.098112121560961,7
cassel,702,830,804,5.155662297523767,7
calolo,1352,1667,1995,5.140372129096681,7
hyeral,41,63,55,5.170550910276932,7
zuelgu,12,20,17,5.148904109589041,7
cecrin,22,330,644,4.98523659981075,7
hassfl,93,137,147,5.121369223621859,7
sponmo,31,57,98,5.097402508227513,7
ingama,377,621,948,5.145179315819618,7
allops,28,53,43,5.142462146940199,7
virosp,2,6,4,5.193150684931507,7
sympgl,92,112,109,5.151287051832159,7
mar1la,13,14,17,5.1610452400138165,7
ficutr,0,0,4,NA,7
aspicr,287,350,358,5.164601646459455,7
dendar,3,9,4,4.977701674277017,7
andiin,127,152,143,5.154339874256956,7
diptpa,13,17,25,5.151477840451239,7
ast2gr,60,67,83,5.12787933578518,7
hirtam,8,13,9,5.211684814424532,7
ficuob,1,1,5,5.03013698630137,7
tropra,127,169,153,5.180047585217111,7
protpa,2153,2556,2634,5.128037055609788,7
ficuto,0,3,0,NA,7
unonpi,260,349,419,5.177019152376946,7
maquco,587,727,623,5.156491369128968,7
gar2ma,301,344,331,5.132696901566778,7
macrgl,33,42,44,5.166714107809999,7
cespma,1,1,1,5.2027397260273975,7
cordla,431,640,597,5.156665418989922,7
cupala,31,41,52,5.1720617337890875,7
zantse,0,0,0,NA,7
xyl1ma,973,1135,1500,5.163442310864356,7
geniam,30,33,32,5.1873287671232875,7
ingasp,5,10,8,5.085410958904109,7
hampap,29,135,65,5.11633610428131,7
sapisp,0,0,1,NA,7
nectci,93,123,129,5.092217758749748,7
ficuma,0,1,0,NA,7
maytsc,33,35,37,5.208164171999781,7
phoeci,24,50,44,5.14151681195517,7
licahy,106,112,131,5.141045659610692,7
tachve,1219,1770,1602,5.16481366599158,7
protco,303,408,438,5.180858344463703,7
celtsc,17,22,19,5.180264796486857,7
nects1,0,0,0,NA,7
ormocr,81,90,91,5.183954705872507,7
apeihy,0,0,0,NA,7
ficupo,0,0,6,NA,7
turpoc,11,40,17,5.208900080580183,7
tremmi,0,0,1,NA,7
ingasa,48,74,93,5.1637959656519055,7
ocotce,157,219,255,5.122398713660726,7
guargr,29,37,52,5.182658844302672,7
ingapu,14,41,22,5.1532363393372425,7
nectgl,78,187,188,5.185610749426822,7
micoar,192,563,512,5.164665892494346,7
ficuc2,2,3,4,5.181963470319635,7
ficuin,6,10,6,5.087579908675799,7
ormoma,72,94,98,5.130474842224855,7
termam,12,13,26,5.187987355110641,7
tri2pa,200,273,250,5.144168678809776,7
ficubu,0,0,0,NA,7
tet4jo,0,1,0,NA,7
pse1se,9,28,15,5.152772341813437,7
tocopi,1,1,1,5.147945205479452,7
sch2mo,0,0,0,NA,7
pochse,7,8,9,5.200837138508372,7
ocotpu,77,118,121,5.184832302594082,7
ingami,2,2,5,5.200273972602732,7
ingaru,2,3,2,5.1876712328767125,7
cuparu,67,91,106,5.131098986307039,7
poutfo,0,1,1,5.389041095890411,7
vochfe,8,19,28,5.062030075187968,7
ast1st,1,1,1,5.095890410958904,7
coccco,75,105,102,5.127704999808134,7
cupaci,6,8,14,5.107534246575343,7
tri4ga,0,1,1,4.695890410958904,7
laetpr,3,11,15,5.2157907845579174,7
lafopu,0,0,0,NA,7
entesc,3,3,5,5.214063926940639,7
cedrod,2,8,3,5.198173515981735,7
ingaqu,208,278,258,5.14516880920239,7
pourbi,52,95,106,5.088572866645804,7
pit1ma,11,16,25,5.139657534246568,7
ingath,68,146,176,5.081587454579577,7
pochqu,0,0,0,NA,7
alchla,0,0,0,NA,7
sipagu,0,7,0,NA,7
ochrpy,0,0,1,NA,7
oenoma,5,24,11,5.123017849730174,7
ery2ma,184,259,295,5.144495779072049,7
nectpu,45,60,71,5.155529616052482,7
socrex,6,24,22,5.138013698630137,7
perexa,101,128,112,5.111952666340512,7
chimpa,0,0,0,NA,7
schipa,4,9,4,5.046042617960427,7
elaeol,0,0,0,NA,7
maclti,0,0,0,NA,7
